Date,Close,Simple Moving Average_50,Exponential Moving Average_50,Simple Moving Average_100,Exponential Moving Average_100,Relative Strength Index 14,Daily_Return,Volume
1/3/2022,30.121,29.45,28.67,25.47,26.14,58.63,0.024,391547000
1/4/2022,29.29,29.58,28.69,25.56,26.2,43.54,-0.028,527154000
1/5/2022,27.604,29.67,28.65,25.63,26.23,45.48,-0.058,498064000
1/6/2022,28.178,29.74,28.63,25.72,26.27,52.18,0.021,454186000
1/7/2022,27.247,29.79,28.58,25.79,26.29,47.51,-0.033,409939000
1/10/2022,27.4,29.84,28.53,25.88,26.31,39.9,0.006,594681000
1/11/2022,27.817,29.89,28.5,25.96,26.34,40.56,0.015,404089000
1/12/2022,27.999,29.93,28.48,26.03,26.37,40.14,0.007,383413000
1/13/2022,26.575,29.93,28.41,26.08,26.38,24.12,-0.051,540171000
1/14/2022,26.942,29.94,28.35,26.13,26.39,29.35,0.014,395832000
1/18/2022,25.903,29.86,28.26,26.16,26.38,26.99,-0.039,424270000
1/19/2022,25.067,29.77,28.13,26.19,26.35,25.77,-0.032,488315000
1/20/2022,24.15,29.63,27.97,26.21,26.31,23.87,-0.037,435181000
1/21/2022,23.374,29.49,27.79,26.22,26.25,16.71,-0.032,718958000
1/24/2022,23.372,29.37,27.62,26.23,26.19,18.2,0,913982000
1/25/2022,22.324,29.21,27.41,26.23,26.12,19.54,-0.045,664616000
1/26/2022,22.772,29.05,27.23,26.23,26.05,18.35,0.02,755959000
1/27/2022,21.944,28.89,27.02,26.22,25.97,18.57,-0.036,573353000
1/28/2022,22.84,28.74,26.86,26.22,25.91,25.16,0.041,543774000
1/31/2022,24.486,28.65,26.77,26.24,25.88,34,0.072,564680000
2/1/2022,24.638,28.51,26.68,26.27,25.86,33.81,0.006,518925000
2/2/2022,25.242,28.35,26.63,26.3,25.84,43.03,0.025,543419000
2/3/2022,23.948,28.19,26.52,26.31,25.81,35.72,-0.051,410178000
2/4/2022,24.319,28.05,26.43,26.33,25.78,41.93,0.015,354829000
2/7/2022,24.728,27.89,26.37,26.36,25.76,48.2,0.017,376868000
2/8/2022,25.108,27.76,26.32,26.39,25.74,55.41,0.015,410359000
2/9/2022,26.705,27.62,26.33,26.44,25.76,67.21,0.064,524282000
2/10/2022,25.824,27.49,26.31,26.48,25.76,61.62,-0.033,513200000
2/11/2022,23.949,27.34,26.22,26.51,25.73,57.14,-0.073,605472000
2/14/2022,24.267,27.18,26.14,26.53,25.7,56.64,0.013,440424000
2/15/2022,26.495,27.1,26.16,26.57,25.71,67.99,0.092,699869000
2/16/2022,26.511,27.03,26.17,26.62,25.73,65.59,0.001,732676000
2/17/2022,24.507,26.87,26.11,26.65,25.71,50.09,-0.076,810595000
2/18/2022,23.642,26.7,26.01,26.67,25.67,46.12,-0.035,761255000
2/22/2022,23.39,26.56,25.91,26.7,25.62,42.59,-0.011,633422000
2/23/2022,22.387,26.41,25.77,26.72,25.56,43.6,-0.043,566511000
2/24/2022,23.748,26.32,25.69,26.75,25.52,47.84,0.061,735801000
2/25/2022,24.157,26.23,25.63,26.79,25.49,47.84,0.017,528866000
2/28/2022,24.385,26.11,25.58,26.83,25.47,47.23,0.009,477319000
3/1/2022,23.477,26.01,25.5,26.86,25.43,36.93,-0.037,412056000
3/2/2022,24.22,25.94,25.45,26.89,25.41,43.43,0.032,389642000
3/3/2022,23.714,25.86,25.38,26.92,25.37,48.92,-0.021,365095000
3/4/2022,22.936,25.74,25.28,26.94,25.33,44.11,-0.033,431415000
3/7/2022,21.352,25.58,25.13,26.95,25.25,25.87,-0.069,450821000
3/8/2022,21.514,25.42,24.99,26.96,25.17,26.87,0.008,557467000
3/9/2022,23.014,25.26,24.91,26.97,25.13,42.75,0.07,492742000
3/10/2022,22.658,25.1,24.82,26.98,25.08,44.97,-0.015,428066000
3/11/2022,22.1,24.95,24.72,26.98,25.02,43.61,-0.025,367209000
3/14/2022,21.33,24.78,24.58,26.97,24.95,44.64,-0.035,385354000
3/15/2022,22.973,24.65,24.52,26.98,24.91,46.18,0.077,491996000
3/16/2022,24.496,24.54,24.52,26.99,24.9,51.51,0.066,671422000
3/17/2022,24.766,24.45,24.53,27.01,24.9,51.69,0.011,471941000
3/18/2022,26.453,24.43,24.6,27.05,24.93,62.32,0.068,730719000
3/21/2022,26.734,24.4,24.69,27.07,24.97,60.82,0.011,591727000
3/22/2022,26.524,24.38,24.76,27.09,25,62.41,-0.008,547007000
3/23/2022,25.634,24.35,24.79,27.09,25.01,61.8,-0.034,502120000
3/24/2022,28.15,24.35,24.93,27.12,25.07,77.49,0.098,877379000
3/25/2022,27.692,24.35,25.03,27.14,25.12,74.4,-0.016,579016000
3/28/2022,28.219,24.38,25.16,27.16,25.18,72.26,0.019,425494000
3/29/2022,28.656,24.42,25.3,27.18,25.25,75.48,0.015,488984000
3/30/2022,27.69,24.45,25.39,27.16,25.3,72.95,-0.034,463487000
3/31/2022,27.286,24.5,25.46,27.13,25.34,75.21,-0.015,523440000
4/1/2022,26.712,24.55,25.51,27.09,25.37,67.4,-0.021,517235000
4/4/2022,27.36,24.63,25.59,27.06,25.41,64.51,0.024,397120000
4/5/2022,25.931,24.68,25.6,27.02,25.42,55.28,-0.052,436615000
4/6/2022,24.407,24.72,25.55,26.96,25.4,40.58,-0.059,703833000
4/7/2022,24.208,24.75,25.5,26.9,25.37,38.29,-0.008,557992000
4/8/2022,23.119,24.77,25.41,26.83,25.33,35.4,-0.045,524781000
4/11/2022,21.917,24.75,25.27,26.75,25.26,34.48,-0.052,575207000
4/12/2022,21.504,24.69,25.12,26.67,25.19,16.33,-0.019,662258000
4/13/2022,22.203,24.65,25.01,26.58,25.13,22.86,0.033,516943000
4/14/2022,21.258,24.57,24.86,26.46,25.05,16.94,-0.043,569097000
4/18/2022,21.783,24.52,24.74,26.36,24.99,17.63,0.025,525701000
4/19/2022,22.198,24.48,24.64,26.26,24.93,22.72,0.019,512781000
4/20/2022,21.482,24.41,24.52,26.15,24.86,22.04,-0.032,468974000
4/21/2022,20.183,24.32,24.35,26.04,24.77,20.6,-0.06,656209000
4/22/2022,19.515,24.17,24.16,25.9,24.67,14.74,-0.033,624713000
4/25/2022,19.902,24.05,23.99,25.77,24.57,20.1,0.02,641566000
4/26/2022,18.788,23.95,23.79,25.64,24.46,20.95,-0.056,653143000
4/27/2022,18.415,23.83,23.58,25.51,24.34,20.58,-0.02,499460000
4/28/2022,19.782,23.7,23.43,25.4,24.25,33.52,0.074,570327000
4/29/2022,18.547,23.54,23.24,25.28,24.14,33.41,-0.062,500435000
5/2/2022,19.533,23.44,23.09,25.15,24.04,40.81,0.053,572049000
5/3/2022,19.602,23.36,22.95,25.03,23.96,37.12,0.004,475751000
5/4/2022,20.334,23.3,22.85,24.93,23.88,45.33,0.037,648855000
5/5/2022,18.844,23.23,22.69,24.82,23.78,36.46,-0.073,626331000
5/6/2022,18.675,23.13,22.54,24.72,23.68,33.39,-0.009,633297000
5/9/2022,16.95,22.98,22.32,24.61,23.55,30.49,-0.092,644455000
5/10/2022,17.595,22.85,22.13,24.48,23.43,38.19,0.038,761474000
5/11/2022,16.63,22.71,21.92,24.36,23.3,37.19,-0.055,670167000
5/12/2022,16.175,22.55,21.69,24.25,23.16,33.55,-0.027,708728000
5/13/2022,17.706,22.43,21.53,24.15,23.05,45.39,0.095,670437000
5/16/2022,17.264,22.32,21.37,24.03,22.93,45.13,-0.025,521446000
5/17/2022,18.177,22.25,21.24,23.92,22.84,42.93,0.053,585830000
5/18/2022,16.938,22.16,21.07,23.79,22.72,42.92,-0.068,545161000
5/19/2022,17.124,22.04,20.92,23.65,22.61,38.59,0.011,621310000
5/20/2022,16.694,21.92,20.75,23.51,22.49,36.69,-0.025,739105000
5/23/2022,16.898,21.82,20.6,23.38,22.38,33.47,0.012,639889000
5/24/2022,16.154,21.72,20.43,23.25,22.26,36.06,-0.044,588550000
5/25/2022,16.975,21.6,20.29,23.12,22.16,41.75,0.051,781132000
5/26/2022,17.851,21.46,20.2,23,22.07,54.77,0.052,996575000
5/27/2022,18.811,21.34,20.14,22.9,22.01,56.23,0.054,738379000
5/31/2022,18.672,21.19,20.08,22.81,21.94,61.42,-0.007,664100000
6/1/2022,18.32,21.02,20.01,22.71,21.87,62.14,-0.019,544514000
6/2/2022,19.592,20.88,20,22.63,21.82,60.99,0.069,648656000
6/3/2022,18.72,20.74,19.95,22.55,21.76,58.08,-0.045,598779000
6/6/2022,18.786,20.56,19.9,22.46,21.7,53.73,0.004,422406000
6/7/2022,18.926,20.38,19.86,22.36,21.65,64.08,0.007,388914000
6/8/2022,18.648,20.19,19.82,22.29,21.59,60.65,-0.015,363252000
6/9/2022,18.048,19.98,19.75,22.2,21.52,59.24,-0.032,395574000
6/10/2022,16.974,19.76,19.64,22.11,21.43,50.46,-0.06,465248000
6/13/2022,15.647,19.53,19.48,22.01,21.31,47.11,-0.078,604153000
6/14/2022,15.836,19.31,19.34,21.93,21.21,43.01,0.012,469680000
6/15/2022,16.527,19.1,19.23,21.86,21.11,41.68,0.044,563936000
6/16/2022,15.601,18.89,19.09,21.78,21,29.75,-0.056,545749000
6/17/2022,15.88,18.72,18.96,21.72,20.9,32.69,0.018,630334000
6/21/2022,16.566,18.57,18.87,21.66,20.82,39.56,0.043,483089000
6/22/2022,16.36,18.43,18.77,21.6,20.73,27.97,-0.012,437135000
6/23/2022,16.225,18.32,18.67,21.53,20.64,31.09,-0.008,463680000
6/24/2022,17.126,18.23,18.61,21.46,20.57,38.83,0.056,472153000
6/27/2022,16.869,18.12,18.54,21.38,20.5,36.38,-0.015,427968000
6/28/2022,15.982,18.02,18.44,21.29,20.41,33.66,-0.053,461149000
6/29/2022,15.542,17.89,18.33,21.21,20.31,34.33,-0.028,482352000
6/30/2022,15.159,17.75,18.2,21.12,20.21,37.58,-0.025,686070000
7/1/2022,14.523,17.61,18.06,21.01,20.1,41.51,-0.042,577610000
7/5/2022,14.964,17.51,17.94,20.91,19.99,43.65,0.03,651397000
7/6/2022,15.13,17.42,17.83,20.8,19.9,38.99,0.011,529066000
7/7/2022,15.858,17.34,17.75,20.7,19.82,52.09,0.048,492903000
7/8/2022,15.838,17.28,17.67,20.62,19.74,49.64,-0.001,467972000
7/11/2022,15.152,17.21,17.58,20.52,19.65,37.99,-0.043,437321000
7/12/2022,15.082,17.12,17.48,20.41,19.56,38.89,-0.005,458483000
7/13/2022,15.164,17.05,17.39,20.3,19.47,40.69,0.005,521918000
7/14/2022,15.372,16.97,17.31,20.21,19.39,32.47,0.014,456235000
7/15/2022,15.762,16.89,17.25,20.13,19.32,39.23,0.025,385935000
7/18/2022,16.101,16.81,17.2,20.05,19.25,51.3,0.022,670517000
7/19/2022,16.992,16.77,17.19,20,19.21,64.38,0.055,702366000
7/20/2022,17.807,16.75,17.22,19.94,19.18,74.2,0.048,760538000
7/21/2022,18.05,16.78,17.25,19.88,19.16,84.72,0.014,557049000
7/22/2022,17.319,16.77,17.25,19.81,19.12,71.93,-0.04,536671000
7/25/2022,17.024,16.78,17.24,19.74,19.08,67.22,-0.017,480748000
7/26/2022,16.533,16.79,17.22,19.67,19.03,56.42,-0.029,397865000
7/27/2022,17.79,16.79,17.24,19.61,19.01,65.02,0.076,569776000
7/28/2022,17.984,16.8,17.27,19.56,18.99,73.58,0.011,474646000
7/29/2022,18.163,16.8,17.3,19.53,18.97,75.19,0.01,435460000
8/1/2022,18.441,16.83,17.35,19.5,18.96,75.96,0.015,476469000
8/2/2022,18.526,16.86,17.39,19.45,18.95,75.48,0.005,489527000
8/3/2022,18.893,16.9,17.45,19.41,18.95,75.39,0.02,418146000
8/4/2022,19.215,16.95,17.52,19.38,18.95,75.33,0.017,409652000
8/5/2022,18.989,17.01,17.58,19.36,18.96,68.21,-0.012,386068000
8/8/2022,17.793,17.02,17.59,19.31,18.93,49.88,-0.063,981859000
8/9/2022,17.086,17.01,17.57,19.24,18.9,42.38,-0.04,668263000
8/10/2022,18.097,16.99,17.59,19.17,18.88,55.89,0.059,597422000
8/11/2022,17.942,16.98,17.6,19.08,18.86,57.1,-0.009,509327000
8/12/2022,18.709,16.99,17.65,19,18.86,66.13,0.043,478094000
8/15/2022,19.032,16.98,17.7,18.93,18.86,60.69,0.017,457666000
8/16/2022,18.879,16.98,17.75,18.86,18.86,57.76,-0.008,451240000
8/17/2022,18.335,16.97,17.77,18.76,18.85,51.4,-0.029,446799000
8/18/2022,18.773,16.97,17.81,18.67,18.85,52.64,0.024,415447000
8/19/2022,17.849,16.95,17.81,18.57,18.83,45.25,-0.049,441588000
8/22/2022,17.034,16.93,17.78,18.45,18.79,37.74,-0.046,409593000
8/23/2022,17.181,16.93,17.76,18.35,18.76,36.27,0.009,369986000
8/24/2022,17.222,16.97,17.74,18.25,18.73,37.76,0.002,522661000
8/25/2022,17.913,17.01,17.74,18.16,18.72,50.89,0.04,770691000
8/26/2022,16.26,17,17.68,18.05,18.67,44.61,-0.092,769127000
8/29/2022,15.801,17.01,17.61,17.95,18.61,33.85,-0.028,496132000
8/30/2022,15.468,17,17.53,17.86,18.55,33.03,-0.021,530181000
8/31/2022,15.094,16.97,17.43,17.77,18.48,23.79,-0.024,573710000
9/1/2022,13.937,16.92,17.29,17.67,18.39,17.04,-0.077,1178865000
9/2/2022,13.647,16.87,17.15,17.59,18.3,16.74,-0.021,743157000
9/6/2022,13.465,16.79,17.01,17.51,18.2,17.55,-0.013,535751000
9/7/2022,13.714,16.73,16.88,17.43,18.11,15.42,0.018,512657000
9/8/2022,13.99,16.69,16.76,17.35,18.03,21.06,0.02,624873000
9/9/2022,14.387,16.67,16.67,17.28,17.96,28.82,0.028,486612000
9/12/2022,14.505,16.66,16.59,17.2,17.89,28.49,0.008,484159000
9/13/2022,13.131,16.63,16.45,17.12,17.8,22.92,-0.095,714956000
9/14/2022,13.128,16.59,16.32,17.05,17.7,15.15,0,588507000
9/15/2022,12.929,16.55,16.19,16.98,17.61,19.22,-0.015,523625000
9/16/2022,13.198,16.49,16.07,16.92,17.52,25.07,0.021,670751000
9/19/2022,13.382,16.44,15.96,16.86,17.44,29.44,0.014,569685000
9/20/2022,13.176,16.41,15.86,16.81,17.35,30.44,-0.015,524818000
9/21/2022,13.261,16.37,15.75,16.74,17.27,41.18,0.006,807679000
9/22/2022,12.561,16.32,15.63,16.68,17.18,37.2,-0.053,759162000
9/23/2022,12.516,16.26,15.51,16.61,17.09,38.44,-0.004,663309000
9/26/2022,12.228,16.19,15.38,16.54,16.99,32.07,-0.023,547343000
9/27/2022,12.413,16.12,15.26,16.46,16.9,30.55,0.015,553854000
9/28/2022,12.736,16.03,15.16,16.4,16.82,29.25,0.026,542414000
9/29/2022,12.22,15.92,15.05,16.34,16.73,23.9,-0.041,532763000
9/30/2022,12.139,15.8,14.93,16.29,16.64,33.92,-0.007,565638000
10/3/2022,12.512,15.7,14.84,16.24,16.55,41.08,0.031,547478000
10/4/2022,13.167,15.63,14.77,16.2,16.49,53.04,0.052,584182000
10/5/2022,13.209,15.56,14.71,16.17,16.42,50.15,0.003,507131000
10/6/2022,13.13,15.47,14.65,16.13,16.36,46.48,-0.006,644157000
10/7/2022,12.076,15.35,14.55,16.08,16.27,37.57,-0.08,672478000
10/10/2022,11.67,15.22,14.44,16.01,16.18,33.24,-0.034,698699000
10/11/2022,11.586,15.08,14.32,15.96,16.09,38.2,-0.007,667482000
10/12/2022,11.5,14.94,14.21,15.9,16,37.82,-0.007,492590000
10/13/2022,11.96,14.8,14.12,15.85,15.92,46.92,0.04,850103000
10/14/2022,11.227,14.64,14.01,15.8,15.83,37.88,-0.061,713432000
10/17/2022,11.888,14.5,13.93,15.75,15.75,41.89,0.059,580774000
10/18/2022,11.967,14.38,13.85,15.7,15.67,47.36,0.007,659362000
10/19/2022,12.051,14.28,13.78,15.65,15.6,49.08,0.007,523131000
10/20/2022,12.194,14.17,13.72,15.58,15.53,46.52,0.012,652398000
10/21/2022,12.466,14.06,13.67,15.52,15.47,41.62,0.022,609494000
10/24/2022,12.599,13.93,13.63,15.46,15.42,42.86,0.011,517457000
10/25/2022,13.261,13.82,13.61,15.4,15.37,51.35,0.053,505482000
10/26/2022,12.896,13.7,13.58,15.34,15.33,59.84,-0.028,532953000
10/27/2022,13.176,13.6,13.57,15.28,15.28,68.63,0.022,583113000
10/28/2022,13.834,13.5,13.58,15.23,15.25,74.35,0.05,521040000
10/31/2022,13.497,13.41,13.58,15.18,15.22,70.52,-0.024,486341000
11/1/2022,13.543,13.34,13.57,15.14,15.19,67.77,0.003,432817000
11/2/2022,13.219,13.26,13.56,15.1,15.15,74.63,-0.024,672628000
11/3/2022,13.421,13.18,13.56,15.08,15.11,71.38,0.015,500065000
11/4/2022,14.156,13.11,13.58,15.06,15.09,75.81,0.055,612576000
11/7/2022,14.301,13.07,13.61,15.04,15.08,76.15,0.01,410061000
11/8/2022,14.602,13.05,13.65,15.03,15.07,77,0.021,595292000
11/9/2022,13.776,13.01,13.65,15.01,15.04,63.06,-0.057,454414000
11/10/2022,15.75,13.03,13.73,15,15.06,72.98,0.143,700819000
11/11/2022,16.327,13.07,13.84,15,15.08,72.64,0.037,655487000
11/14/2022,16.295,13.13,13.93,15,15.11,76.4,-0.002,527852000
11/15/2022,16.666,13.19,14.04,14.99,15.14,76.73,0.023,545876000
11/16/2022,15.91,13.23,14.11,14.98,15.15,65.67,-0.045,649547000
11/17/2022,15.677,13.27,14.17,14.98,15.16,66.71,-0.015,710894000
11/18/2022,15.409,13.29,14.22,14.98,15.17,63.83,-0.017,492072000
11/21/2022,15.317,13.31,14.26,14.98,15.17,66.11,-0.006,404739000
11/22/2022,16.038,13.36,14.33,15,15.19,68.61,0.047,472866000
11/23/2022,16.519,13.43,14.42,15.01,15.21,67.43,0.03,427241000
11/25/2022,16.27,13.5,14.49,15.02,15.24,64.31,-0.015,167934000
11/28/2022,15.827,13.55,14.54,15.02,15.25,58.72,-0.027,303741000
11/29/2022,15.639,13.6,14.59,15.02,15.25,64.59,-0.012,298384000
11/30/2022,16.923,13.67,14.68,15.04,15.29,60.3,0.082,565298000
12/1/2022,17.135,13.75,14.78,15.06,15.32,57.58,0.013,470977000
12/2/2022,16.876,13.83,14.86,15.08,15.36,55.23,-0.015,371389000
12/5/2022,16.61,13.92,14.93,15.09,15.38,49.49,-0.016,352255000
12/6/2022,15.987,13.99,14.97,15.09,15.39,50.72,-0.038,352694000
12/7/2022,16.12,14.07,15.01,15.09,15.41,54.24,0.008,372388000
12/8/2022,17.169,14.15,15.1,15.09,15.44,64.67,0.065,515456000
12/9/2022,17.001,14.25,15.17,15.08,15.47,63.86,-0.01,465338000
12/12/2022,17.535,14.36,15.27,15.08,15.51,62.71,0.031,457328000
12/13/2022,18.072,14.47,15.38,15.09,15.56,63.06,0.031,656589000
12/14/2022,17.674,14.56,15.47,15.09,15.61,61.52,-0.022,496888000
12/15/2022,16.952,14.63,15.52,15.1,15.63,58.83,-0.041,478542000
12/16/2022,16.571,14.7,15.56,15.08,15.65,57.1,-0.022,478232000
12/19/2022,16.254,14.79,15.59,15.07,15.66,44.03,-0.019,354039000
12/20/2022,16.085,14.87,15.61,15.05,15.67,40.55,-0.01,403260000
12/21/2022,16.501,14.97,15.65,15.03,15.69,46.72,0.026,325025000
12/22/2022,15.339,15.05,15.63,15,15.68,40.38,-0.07,565045000
12/23/2022,15.206,15.11,15.62,14.96,15.67,43.62,-0.009,349326000
12/27/2022,14.121,15.17,15.56,14.91,15.64,35.86,-0.071,464902000
12/28/2022,14.036,15.22,15.5,14.86,15.61,24.35,-0.006,351066000
12/29/2022,14.603,15.27,15.46,14.83,15.59,31.57,0.04,354923000
12/30/2022,14.614,15.32,15.43,14.8,15.57,25.59,0.001,310490000
1/3/2023,14.315,15.36,15.39,14.76,15.54,17.3,-0.02,401277000
1/4/2023,14.749,15.41,15.36,14.73,15.53,24.7,0.03,431324000
1/5/2023,14.265,15.44,15.32,14.69,15.5,25.76,-0.033,389168000
1/6/2023,14.859,15.47,15.3,14.65,15.49,35.13,0.042,405044000
1/9/2023,15.628,15.53,15.31,14.61,15.49,44.96,0.052,504231000
1/10/2023,15.909,15.58,15.34,14.59,15.5,48.61,0.018,384101000
1/11/2023,16.001,15.63,15.36,14.56,15.51,45.83,0.006,353285000
1/12/2023,16.511,15.69,15.41,14.55,15.53,60.97,0.032,551409000
1/13/2023,16.899,15.75,15.47,14.55,15.56,65.12,0.023,447287000
1/17/2023,17.702,15.84,15.55,14.55,15.6,83.68,0.048,511102000
1/18/2023,17.377,15.92,15.63,14.55,15.64,80.06,-0.018,439624000
1/19/2023,16.765,15.97,15.67,14.54,15.66,69.3,-0.035,452932000
1/20/2023,17.839,16.04,15.76,14.56,15.7,74.19,0.064,564967000
1/23/2023,19.193,16.14,15.89,14.59,15.77,81.59,0.076,655163000
1/24/2023,19.265,16.25,16.02,14.63,15.84,80.69,0.004,496204000
1/25/2023,19.323,16.32,16.15,14.67,15.91,86.48,0.003,449537000
1/26/2023,19.802,16.39,16.3,14.73,15.99,86.25,0.025,489535000
1/27/2023,20.365,16.47,16.45,14.8,16.07,85.83,0.028,542142000
1/30/2023,19.162,16.52,16.56,14.85,16.13,71.59,-0.059,488611000
1/31/2023,19.537,16.59,16.68,14.91,16.2,72.62,0.02,498017000
2/1/2023,20.943,16.7,16.84,14.98,16.3,75.44,0.072,660477000
2/2/2023,21.709,16.82,17.04,15.06,16.4,76.46,0.037,564276000
2/3/2023,21.1,16.94,17.19,15.12,16.5,69.1,-0.028,429366000
2/6/2023,21.089,17.04,17.35,15.2,16.59,71.63,-0.001,452197000
2/7/2023,22.173,17.15,17.54,15.29,16.7,79.87,0.051,664150000
2/8/2023,22.205,17.27,17.72,15.38,16.81,77.25,0.001,559651000
2/9/2023,22.337,17.4,17.9,15.48,16.92,73.15,0.006,523876000
2/10/2023,21.265,17.51,18.03,15.55,17,62.84,-0.048,550737000
2/13/2023,21.788,17.61,18.18,15.64,17.1,64.93,0.025,474919000
2/14/2023,22.971,17.73,18.37,15.74,17.21,67.69,0.054,675474000
2/15/2023,22.764,17.85,18.54,15.84,17.32,63.94,-0.009,420575000
2/16/2023,22.002,17.95,18.68,15.93,17.42,67.4,-0.033,412026000
2/17/2023,21.388,18.06,18.78,16.03,17.49,61.02,-0.028,465888000
2/21/2023,20.655,18.15,18.86,16.11,17.56,48.14,-0.034,410015000
2/22/2023,20.754,18.22,18.93,16.19,17.62,43.24,0.005,513184000
2/23/2023,23.664,18.36,19.12,16.3,17.74,63.69,0.14,1117995000
2/24/2023,23.286,18.47,19.28,16.41,17.85,61.29,-0.016,589716000
2/27/2023,23.501,18.58,19.45,16.52,17.96,57.49,0.009,452994000
2/28/2023,23.216,18.69,19.59,16.63,18.07,55.55,-0.012,455963000
3/1/2023,22.698,18.81,19.71,16.72,18.16,51.9,-0.022,460026000
3/2/2023,23.314,18.94,19.86,16.82,18.26,61.33,0.027,389415000
3/3/2023,23.89,19.09,20.01,16.94,18.37,61.55,0.025,412393000
3/6/2023,23.554,19.24,20.15,17.06,18.47,53.53,-0.014,437429000
3/7/2023,23.288,19.38,20.28,17.18,18.57,53.15,-0.011,515154000
3/8/2023,24.181,19.56,20.43,17.3,18.68,62.91,0.038,513573000
3/9/2023,23.436,19.72,20.55,17.42,18.77,61.95,-0.031,501257000
3/10/2023,22.965,19.9,20.64,17.53,18.86,63.9,-0.02,474866000
3/13/2023,22.966,20.08,20.73,17.65,18.94,63.47,0,421890000
3/14/2023,24.063,20.26,20.86,17.77,19.04,53.12,0.048,474910000
3/15/2023,24.228,20.46,21,17.89,19.14,57.62,0.007,524486000
3/16/2023,25.541,20.68,21.17,18.02,19.27,64.01,0.054,583253000
3/17/2023,25.725,20.9,21.35,18.15,19.4,67.47,0.007,848547000
3/20/2023,25.9,21.13,21.53,18.29,19.53,73.41,0.007,432747000
3/21/2023,26.199,21.36,21.71,18.42,19.66,72.12,0.012,547408000
3/22/2023,26.468,21.58,21.9,18.55,19.79,70.74,0.01,797295000
3/23/2023,27.191,21.8,22.11,18.69,19.94,77.55,0.027,564889000
3/24/2023,26.779,22.02,22.29,18.82,20.07,75.87,-0.015,454920000
3/27/2023,26.531,22.22,22.46,18.95,20.2,69.26,-0.009,361026000
3/28/2023,26.41,22.41,22.61,19.08,20.33,77.14,-0.005,356104000
3/29/2023,26.984,22.59,22.78,19.22,20.46,86.01,0.022,393694000
3/30/2023,27.383,22.8,22.96,19.36,20.59,86.94,0.015,364516000
3/31/2023,27.777,23.02,23.15,19.49,20.74,85.2,0.014,433933000
4/3/2023,27.965,23.22,23.34,19.63,20.88,85.26,0.007,398716000
4/4/2023,27.453,23.38,23.5,19.76,21.01,71.25,-0.018,368592000
4/5/2023,26.881,23.54,23.64,19.89,21.13,61.83,-0.021,515015000
4/6/2023,27.037,23.69,23.77,20,21.24,61.68,0.006,397654000
4/10/2023,27.579,23.85,23.92,20.12,21.37,63.5,0.02,395279000
4/11/2023,27.169,23.98,24.05,20.22,21.48,56.67,-0.015,314378000
4/12/2023,26.495,24.13,24.14,20.32,21.58,43.31,-0.025,446259000
4/13/2023,26.463,24.27,24.23,20.43,21.68,46.72,-0.001,353615000
4/14/2023,26.758,24.38,24.33,20.54,21.78,52.33,0.011,395660000
4/17/2023,27.002,24.49,24.44,20.66,21.88,55.93,0.009,321471000
4/18/2023,27.667,24.62,24.56,20.78,22,56.72,0.025,604812000
4/19/2023,27.931,24.76,24.7,20.9,22.12,55.54,0.01,358660000
4/20/2023,27.104,24.86,24.79,21,22.21,43.75,-0.03,427713000
4/21/2023,27.119,24.95,24.88,21.11,22.31,41.88,0.001,345103000
4/24/2023,27.042,25.05,24.97,21.22,22.41,45.69,-0.003,339282000
4/25/2023,26.241,25.15,25.02,21.33,22.48,43.6,-0.03,378527000
4/26/2023,26.956,25.25,25.09,21.43,22.57,49.27,0.027,406337000
4/27/2023,27.226,25.34,25.18,21.53,22.66,46.66,0.01,377161000
4/28/2023,27.749,25.44,25.28,21.64,22.76,55.37,0.019,292216000
5/1/2023,28.91,25.57,25.42,21.76,22.88,70.5,0.042,570329000
5/2/2023,28.21,25.71,25.53,21.89,22.99,63.32,-0.024,402730000
5/3/2023,27.802,25.85,25.62,22,23.09,57.83,-0.014,383387000
5/4/2023,27.562,25.99,25.69,22.11,23.17,54.2,-0.009,321850000
5/5/2023,28.68,26.09,25.81,22.22,23.28,57.11,0.041,361494000
5/8/2023,29.151,26.21,25.94,22.34,23.4,58.33,0.016,344979000
5/9/2023,28.571,26.31,26.04,22.44,23.5,60.36,-0.02,314869000
5/10/2023,28.885,26.42,26.16,22.56,23.61,61.97,0.011,369350000
5/11/2023,28.578,26.54,26.25,22.67,23.71,60.09,-0.011,322149000
5/12/2023,28.34,26.64,26.33,22.79,23.8,64.9,-0.008,274222000
5/15/2023,28.953,26.74,26.44,22.92,23.9,64.38,0.022,293926000
5/16/2023,29.213,26.85,26.54,23.05,24.01,64.33,0.009,449405000
5/17/2023,30.178,26.99,26.69,23.19,24.13,66.47,0.033,432535000
5/18/2023,31.678,27.14,26.88,23.35,24.28,67.94,0.05,748725000
5/19/2023,31.264,27.3,27.05,23.51,24.42,70.56,-0.013,473908000
5/22/2023,31.176,27.46,27.22,23.68,24.55,73.73,-0.003,372000000
5/23/2023,30.688,27.62,27.35,23.85,24.67,71.25,-0.016,356253000
5/24/2023,30.538,27.75,27.48,24.01,24.79,64.54,-0.005,721419000
5/25/2023,37.98,28.02,27.89,24.24,25.05,83.05,0.244,1543911000
5/26/2023,38.946,28.29,28.32,24.49,25.32,87.74,0.025,714397000
5/30/2023,40.111,28.58,28.79,24.74,25.62,88.46,0.03,923401000
5/31/2023,37.834,28.82,29.14,24.98,25.86,77.94,-0.057,1002580000
6/1/2023,39.77,29.09,29.56,25.22,26.13,81.29,0.051,635873000
6/2/2023,39.327,29.34,29.94,25.46,26.4,78.67,-0.011,482731000
6/5/2023,39.171,29.58,30.3,25.69,26.65,77.68,-0.004,396094000
6/6/2023,38.654,29.82,30.63,25.92,26.89,74.16,-0.013,388729000
6/7/2023,37.475,30.04,30.9,26.13,27.1,66.83,-0.031,511998000
6/8/2023,38.51,30.28,31.2,26.35,27.32,70.31,0.028,417772000
6/9/2023,38.77,30.52,31.49,26.56,27.55,71.08,0.007,427717000
6/12/2023,39.482,30.76,31.81,26.78,27.78,74.11,0.018,388701000
6/13/2023,41.022,31.03,32.17,27.02,28.05,76.71,0.039,613208000
6/14/2023,42.997,31.33,32.59,27.27,28.34,67.71,0.048,740465000
6/15/2023,42.653,31.63,32.99,27.51,28.63,63.69,-0.008,568622000
6/16/2023,42.692,31.95,33.37,27.74,28.9,60.4,0.001,655709000
6/20/2023,43.808,32.28,33.78,27.99,29.2,76.55,0.026,451153000
6/21/2023,43.045,32.59,34.14,28.22,29.47,66.25,-0.017,551603000
6/22/2023,43.025,32.91,34.49,28.44,29.74,69.15,0,417737000
6/23/2023,42.209,33.22,34.79,28.68,29.99,64.72,-0.019,358140000
6/26/2023,40.632,33.51,35.02,28.89,30.2,58.69,-0.037,594322000
6/27/2023,41.876,33.81,35.29,29.1,30.43,69.23,0.031,462175000
6/28/2023,41.117,34.09,35.52,29.29,30.64,61.67,-0.018,582639000
6/29/2023,40.822,34.35,35.73,29.49,30.84,59.16,-0.007,380514000
6/30/2023,42.302,34.64,35.98,29.7,31.07,61.78,0.036,501148000
7/3/2023,42.413,34.95,36.24,29.9,31.3,56.6,0.003,198209000
7/5/2023,42.317,35.25,36.47,30.1,31.51,46.07,-0.002,323618000
7/6/2023,42.103,35.55,36.7,30.3,31.72,46.78,-0.005,303582000
7/7/2023,42.503,35.88,36.92,30.51,31.94,48.94,0.01,355881000
7/10/2023,42.18,36.18,37.13,30.72,32.14,39.95,-0.008,353908000
7/11/2023,42.405,36.49,37.34,30.91,32.34,45.77,0.005,298244000
7/12/2023,43.902,36.81,37.59,31.12,32.57,54.85,0.035,481277000
7/13/2023,45.977,37.15,37.92,31.36,32.84,68.3,0.047,478204000
7/14/2023,45.469,37.5,38.22,31.6,33.09,76.21,-0.011,772075000
7/17/2023,46.461,37.87,38.54,31.86,33.35,75.54,0.022,510488000
7/18/2023,47.494,38.27,38.89,32.13,33.63,84.47,0.022,569164000
7/19/2023,47.077,38.63,39.21,32.36,33.9,83.37,-0.009,427502000
7/20/2023,45.52,38.96,39.46,32.58,34.13,67.03,-0.033,537865000
7/21/2023,44.309,39.28,39.65,32.79,34.33,58.99,-0.027,963769000
7/24/2023,44.612,39.59,39.85,33.01,34.53,60.67,0.007,382516000
7/25/2023,45.679,39.93,40.07,33.24,34.75,65.4,0.024,348081000
7/26/2023,45.452,40.28,40.29,33.46,34.97,62.89,-0.005,364237000
7/27/2023,45.9,40.61,40.51,33.68,35.18,66.09,0.01,455976000
7/28/2023,46.75,40.97,40.75,33.91,35.41,67.83,0.019,331194000
7/31/2023,46.729,41.3,40.98,34.14,35.64,63.2,0,251055000
8/1/2023,46.507,41.59,41.2,34.37,35.85,52.99,-0.005,237858000
8/2/2023,44.269,41.85,41.32,34.58,36.02,44.33,-0.048,530142000
8/3/2023,44.515,42.12,41.45,34.79,36.19,40.11,0.006,324176000
8/4/2023,44.68,42.4,41.57,35.01,36.35,34.32,0.004,362666000
8/7/2023,45.417,42.7,41.72,35.22,36.53,41.07,0.016,322154000
8/8/2023,44.664,42.83,41.84,35.43,36.7,44.96,-0.017,353843000
8/9/2023,42.554,42.9,41.87,35.6,36.81,40.65,-0.047,586449000
8/10/2023,42.388,42.95,41.89,35.76,36.92,37.98,-0.004,492705000
8/11/2023,40.855,43.01,41.85,35.91,37,25.17,-0.036,533085000
8/14/2023,43.753,43.09,41.92,36.09,37.13,43.14,0.071,690286000
8/15/2023,43.94,43.18,42,36.26,37.27,41.92,0.004,676512000
8/16/2023,43.486,43.27,42.06,36.43,37.39,36.09,-0.01,527451000
8/17/2023,43.344,43.36,42.11,36.59,37.51,35.72,-0.003,452395000
8/18/2023,43.299,43.48,42.16,36.76,37.62,36.26,-0.001,583768000
8/21/2023,46.967,43.65,42.35,36.96,37.81,60.29,0.085,692573000
8/22/2023,45.668,43.78,42.48,37.15,37.96,54.07,-0.028,755293000
8/23/2023,47.116,43.94,42.66,37.35,38.15,57.89,0.032,779046000
8/24/2023,47.163,44.06,42.83,37.54,38.32,55.92,0.001,1156044000
8/25/2023,46.018,44.12,42.96,37.72,38.48,54.47,-0.024,925341000
8/28/2023,46.835,44.2,43.11,37.92,38.64,65.46,0.018,685192000
8/29/2023,48.784,44.33,43.33,38.14,38.84,70.46,0.042,701397000
8/30/2023,49.264,44.44,43.57,38.36,39.05,78.84,0.01,735206000
8/31/2023,49.355,44.56,43.79,38.58,39.25,73.79,0.002,528570000
9/1/2023,48.509,44.67,43.98,38.79,39.44,68.38,-0.017,463830000
9/5/2023,48.548,44.8,44.16,39.01,39.62,71.06,0.001,382653000
9/6/2023,47.061,44.93,44.27,39.22,39.76,63.91,-0.031,468670000
9/7/2023,46.241,45.01,44.35,39.41,39.89,60.41,-0.017,433330000
9/8/2023,45.572,45.1,44.4,39.6,40.01,43.74,-0.014,473069000
9/11/2023,45.178,45.19,44.43,39.77,40.11,47.61,-0.009,473966000
9/12/2023,44.87,45.24,44.44,39.94,40.2,37.65,-0.007,349256000
9/13/2023,45.485,45.3,44.49,40.12,40.31,41.31,0.014,398355000
9/14/2023,45.581,45.37,44.53,40.31,40.41,47.46,0.002,370097000
9/15/2023,43.9,45.4,44.5,40.48,40.48,34.51,-0.037,506831000
9/18/2023,43.966,45.43,44.48,40.66,40.55,18.27,0.002,500271000
9/19/2023,43.52,45.46,44.44,40.82,40.61,12,-0.01,373064000
9/20/2023,42.239,45.46,44.36,40.97,40.64,9.33,-0.029,367108000
9/21/2023,41.017,45.4,44.23,41.1,40.65,8.94,-0.029,450736000
9/22/2023,41.61,45.31,44.12,41.23,40.67,14.16,0.014,479236000
9/25/2023,42.222,45.25,44.05,41.37,40.7,22.52,0.015,419091000
9/26/2023,41.911,45.16,43.97,41.51,40.72,23.9,-0.007,402282000
9/27/2023,42.468,45.06,43.91,41.66,40.76,31.03,0.013,444935000
9/28/2023,43.089,44.98,43.88,41.81,40.8,37.58,0.015,424663000
9/29/2023,43.499,44.94,43.86,41.95,40.86,41.95,0.01,397830000
10/2/2023,44.782,44.94,43.9,42.11,40.93,46.17,0.029,433298000
10/3/2023,43.517,44.92,43.88,42.26,40.98,40.03,-0.028,470850000
10/4/2023,44.041,44.89,43.89,42.41,41.05,50.77,0.012,361821000
10/5/2023,44.688,44.87,43.92,42.58,41.12,53.69,0.015,393483000
10/6/2023,45.762,44.87,43.99,42.74,41.21,60.78,0.024,434436000
10/9/2023,45.273,44.84,44.04,42.9,41.29,65.79,-0.011,409675000
10/10/2023,45.798,44.82,44.11,43.06,41.38,76.83,0.012,368582000
10/11/2023,46.806,44.83,44.22,43.21,41.49,77.86,0.022,378137000
10/12/2023,46.945,44.88,44.32,43.37,41.59,76.67,0.003,481325000
10/13/2023,45.461,44.9,44.37,43.51,41.67,67.7,-0.032,474115000
10/16/2023,46.095,44.93,44.44,43.67,41.76,67.95,0.014,375099000
10/17/2023,43.938,44.9,44.42,43.8,41.8,53.65,-0.047,812333000
10/18/2023,42.196,44.85,44.33,43.84,41.81,44.98,-0.04,627294000
10/19/2023,42.101,44.84,44.24,43.87,41.82,38.62,-0.002,501233000
10/20/2023,41.387,44.82,44.13,43.89,41.81,40.52,-0.017,477266000
10/23/2023,42.975,44.86,44.08,43.94,41.83,45.67,0.038,478530000
10/24/2023,43.663,44.86,44.07,43.98,41.87,45.85,0.016,401463000
10/25/2023,41.779,44.82,43.98,44,41.86,34.85,-0.043,398379000
10/26/2023,40.326,44.76,43.84,44.01,41.83,32.47,-0.035,541001000
10/27/2023,40.5,44.7,43.7,44.03,41.81,30.75,0.004,416784000
10/30/2023,41.161,44.66,43.6,44.07,41.79,28.96,0.016,388028000
10/31/2023,40.78,44.53,43.49,44.09,41.77,27.43,-0.009,517969000
11/1/2023,42.325,44.47,43.45,44.13,41.79,38.57,0.038,437593000
11/2/2023,43.506,44.39,43.45,44.17,41.82,40.92,0.028,409172000
11/3/2023,45.005,44.35,43.51,44.21,41.88,53.92,0.034,424610000
11/6/2023,45.751,44.35,43.6,44.23,41.96,64.1,0.017,400733000
11/7/2023,45.955,44.33,43.69,44.27,42.04,65.15,0.004,343165000
11/8/2023,46.574,44.28,43.8,44.31,42.13,70.55,0.013,346719000
11/9/2023,46.95,44.24,43.93,44.34,42.22,67.42,0.008,540496000
11/10/2023,48.335,44.22,44.1,44.39,42.34,69.29,0.029,421245000
11/13/2023,48.62,44.22,44.28,44.45,42.47,82.55,0.006,384136000
11/14/2023,49.656,44.24,44.49,44.52,42.61,96.22,0.021,416954000
11/15/2023,48.888,44.28,44.66,44.6,42.74,89.25,-0.015,475497000
11/16/2023,49.48,44.34,44.85,44.68,42.87,89.18,0.012,339756000
11/17/2023,49.298,44.42,45.02,44.76,43,90.88,-0.004,325205000
11/20/2023,50.409,44.52,45.24,44.86,43.14,90.48,0.023,414120000
11/21/2023,49.944,44.62,45.42,44.93,43.28,84.73,-0.009,565747000
11/22/2023,48.716,44.69,45.55,45,43.39,70.62,-0.025,899420000
11/24/2023,47.776,44.73,45.64,45.05,43.47,61.02,-0.019,294645000
11/27/2023,48.242,44.82,45.74,45.11,43.57,62.1,0.01,395662000
11/28/2023,47.821,44.9,45.82,45.16,43.65,56.74,-0.009,401491000
11/29/2023,48.14,44.99,45.91,45.22,43.74,56.47,0.007,382005000
11/30/2023,46.77,45.08,45.95,45.27,43.8,41.48,-0.028,526247000
12/1/2023,46.765,45.19,45.98,45.3,43.86,39.58,0,369317000
12/4/2023,45.51,45.27,45.96,45.29,43.89,27.27,-0.027,437543000
12/5/2023,46.566,45.36,45.98,45.3,43.94,37.66,0.023,371718000
12/6/2023,45.503,45.43,45.96,45.29,43.98,29.88,-0.023,380590000
12/7/2023,46.596,45.51,45.99,45.28,44.03,37.48,0.024,350823000
12/8/2023,47.506,45.6,46.05,45.29,44.1,36.29,0.02,359224000
12/11/2023,46.627,45.66,46.07,45.3,44.15,34.93,-0.019,509728000
12/12/2023,47.657,45.72,46.13,45.33,44.22,45.1,0.022,372387000
12/13/2023,48.088,45.81,46.21,45.37,44.29,51.51,0.009,447792000
12/14/2023,48.35,45.9,46.29,45.39,44.37,50.53,0.005,391232000
12/15/2023,48.89,45.98,46.4,45.43,44.46,55.23,0.011,479948000
12/18/2023,50.077,46.07,46.54,45.47,44.57,58.74,0.024,412587000
12/19/2023,49.604,46.16,46.66,45.5,44.67,63.91,-0.009,464444000
12/20/2023,48.111,46.2,46.72,45.51,44.74,55.77,-0.03,397894000
12/21/2023,48.99,46.25,46.81,45.54,44.83,65.4,0.018,300425000
12/22/2023,48.83,46.28,46.89,45.58,44.9,60.88,-0.003,252507000
12/26/2023,49.279,46.36,46.98,45.63,44.99,69.29,0.009,244200000
12/27/2023,49.417,46.43,47.08,45.68,45.08,65.97,0.003,233648000
12/28/2023,49.522,46.54,47.17,45.72,45.17,62.56,0.002,246587000
12/29/2023,49.522,46.68,47.26,45.77,45.25,70.25,0,389293000
1/2/2024,48.168,46.81,47.3,45.82,45.31,53.42,-0.027,411254000
1/3/2024,47.569,46.93,47.31,45.88,45.36,46.6,-0.012,320896000
1/4/2024,47.998,47.03,47.34,45.95,45.41,47.75,0.009,306535000
1/5/2024,49.097,47.14,47.41,46,45.48,51.24,0.023,415039000
1/8/2024,52.253,47.35,47.6,46.08,45.62,60.53,0.064,642510000
1/9/2024,53.14,47.6,47.81,46.18,45.76,66.45,0.017,773100000
1/10/2024,54.35,47.88,48.07,46.29,45.93,79.81,0.023,533796000
1/11/2024,54.822,48.15,48.33,46.41,46.11,78.99,0.009,596759000
1/12/2024,54.71,48.43,48.58,46.48,46.28,79.37,-0.002,352994000
1/16/2024,56.382,48.71,48.89,46.59,46.48,81.62,0.031,449580000
1/17/2024,56.053,48.97,49.17,46.68,46.67,79.04,-0.006,474394000
1/18/2024,57.107,49.21,49.48,46.78,46.88,80.65,0.019,491650000
1/19/2024,59.491,49.48,49.87,46.91,47.13,83.78,0.042,543501000
1/22/2024,59.654,49.76,50.26,47.04,47.37,92.33,0.003,452955000
1/23/2024,59.873,50.02,50.64,47.15,47.62,96.66,0.004,294654000
1/24/2024,61.362,50.31,51.06,47.27,47.89,96.9,0.025,560271000
1/25/2024,61.617,50.58,51.47,47.4,48.17,96.71,0.004,482777000
1/26/2024,61.031,50.82,51.84,47.52,48.42,90.52,-0.01,390309000
1/29/2024,62.465,51.08,52.26,47.66,48.7,90.97,0.023,348733000
1/30/2024,62.774,51.36,52.67,47.82,48.98,90.2,0.005,410735000
1/31/2024,61.527,51.6,53.02,47.97,49.23,79.79,-0.02,453795000
2/1/2024,63.027,51.87,53.41,48.15,49.5,82.9,0.024,369146000
2/2/2024,66.16,52.19,53.91,48.36,49.83,84.67,0.05,476578000
2/5/2024,69.332,52.58,54.52,48.6,50.22,89.18,0.048,680078000
2/6/2024,68.223,52.97,55.06,48.83,50.57,82.69,-0.016,683111000
2/7/2024,70.099,53.41,55.65,49.07,50.96,82.16,0.027,495575000
2/8/2024,69.641,53.84,56.19,49.33,51.33,79.75,-0.007,414422000
2/9/2024,72.133,54.33,56.82,49.61,51.74,82.16,0.036,436637000
2/12/2024,72.248,54.81,57.42,49.9,52.15,80.78,0.002,613710000
2/13/2024,72.128,55.32,58,50.2,52.54,79.94,-0.002,602580000
2/14/2024,73.9,55.86,58.62,50.53,52.97,84.34,0.025,504917000
2/15/2024,72.658,56.4,59.17,50.84,53.36,77.48,-0.017,420122000
2/16/2024,72.613,56.92,59.7,51.14,53.74,76.91,-0.001,495327000
2/20/2024,69.452,57.4,60.08,51.42,54.05,69.62,-0.044,704833000
2/21/2024,67.472,57.82,60.37,51.67,54.31,60.75,-0.029,690298000
2/22/2024,78.538,58.44,61.09,52.02,54.79,71.63,0.164,865100000
2/23/2024,78.817,59.08,61.78,52.37,55.27,68.44,0.004,829388000
2/26/2024,79.092,59.71,62.46,52.72,55.74,71.84,0.003,503973000
2/27/2024,78.701,60.33,63.1,53.07,56.2,68.38,-0.005,391705000
2/28/2024,77.663,60.91,63.67,53.41,56.62,66.73,-0.013,393110000
2/29/2024,79.112,61.52,64.27,53.75,57.07,65.22,0.019,507289000
3/1/2024,82.279,62.16,64.98,54.11,57.57,69.3,0.04,479135000
3/4/2024,85.237,62.87,65.77,54.51,58.11,72.74,0.036,615616000
3/5/2024,85.964,63.63,66.57,54.92,58.66,71.72,0.009,520639000
3/6/2024,88.7,64.42,67.43,55.34,59.26,77.4,0.032,582520000
3/7/2024,92.669,65.3,68.42,55.79,59.92,80.21,0.045,608119000
3/8/2024,87.528,66.07,69.17,56.21,60.47,75.69,-0.055,1142269000
3/11/2024,85.774,66.79,69.82,56.61,60.97,76.18,-0.02,678364000
3/12/2024,91.913,67.64,70.69,57.09,61.58,72.27,0.072,668075000
3/13/2024,90.888,68.47,71.48,57.58,62.16,69.62,-0.011,635713000
3/14/2024,87.944,69.26,72.13,58.03,62.67,63.24,-0.032,602318000
3/15/2024,87.837,70.07,72.74,58.5,63.17,63.78,-0.001,642086000
3/18/2024,88.455,70.88,73.36,58.95,63.67,66.48,0.007,668976000
3/19/2024,89.398,71.68,73.99,59.41,64.18,65.96,0.011,672171000
3/20/2024,90.372,72.45,74.63,59.9,64.7,63.47,0.011,479063000
3/21/2024,91.435,73.21,75.29,60.41,65.23,61.01,0.012,480372000
3/22/2024,94.289,74.01,76.04,60.95,65.8,63.75,0.031,586719000
3/25/2024,95.002,74.81,76.78,61.48,66.38,61.16,0.008,552136000
3/26/2024,92.561,75.57,77.4,62,66.9,49.8,-0.026,513648000
3/27/2024,90.25,76.25,77.9,62.48,67.36,55.7,-0.025,586067000
3/28/2024,90.356,76.94,78.39,62.95,67.82,60.3,0.001,435212000
4/1/2024,90.363,77.6,78.86,63.4,68.26,45.19,0,452441000
4/2/2024,89.452,78.2,79.28,63.84,68.68,45.51,-0.01,433064000
4/3/2024,88.964,78.79,79.66,64.27,69.09,53.77,-0.005,370067000
4/4/2024,85.905,79.31,79.9,64.66,69.42,44.14,-0.034,434965000
4/5/2024,88.008,79.84,80.22,65.08,69.79,48.76,0.024,399678000
4/8/2024,87.133,80.35,80.49,65.46,70.13,43.67,-0.01,283220000
4/9/2024,85.354,80.84,80.68,65.83,70.43,36.59,-0.02,503547000
4/10/2024,87.039,81.33,80.93,66.2,70.76,38.63,0.02,431929000
4/11/2024,90.616,81.88,81.31,66.62,71.15,40.84,0.041,431637000
4/12/2024,88.186,82.42,81.58,67.01,71.49,34.35,-0.027,426805000
4/15/2024,86.001,82.88,81.75,67.38,71.78,34.76,-0.025,443077000
4/16/2024,87.415,83.3,81.97,67.75,72.09,43.13,0.016,370453000
4/17/2024,84.035,83.6,82.06,68.09,72.32,36.77,-0.039,495400000
4/18/2024,84.671,83.93,82.16,68.45,72.57,38.39,0.008,447260000
4/19/2024,76.2,84.05,81.92,68.73,72.64,29.35,-0.1,875198000
4/22/2024,79.518,84.24,81.83,69.04,72.78,36.47,0.044,596341000
4/23/2024,82.423,84.45,81.85,69.39,72.97,44.99,0.037,438559000
4/24/2024,79.677,84.6,81.77,69.7,73.1,38.23,-0.033,512208000
4/25/2024,82.632,84.81,81.8,70.06,73.29,44,0.037,424641000
4/26/2024,87.735,85.09,82.03,70.47,73.58,52.92,0.062,551011000
4/29/2024,87.757,85.39,82.26,70.9,73.86,50.92,0,388971000
4/30/2024,86.402,85.66,82.42,71.29,74.11,44.29,-0.015,363709000
5/1/2024,83.041,85.94,82.45,71.67,74.28,43.2,-0.039,559863000
5/2/2024,85.817,86.3,82.58,72.06,74.51,49.76,0.033,377898000
5/3/2024,88.789,86.51,82.82,72.47,74.79,51.72,0.035,398341000
5/6/2024,92.14,86.77,83.19,72.93,75.14,60.14,0.038,376203000
5/7/2024,90.554,87,83.48,73.36,75.44,57.19,-0.017,437342000
5/8/2024,90.412,87.24,83.75,73.78,75.74,71.8,-0.002,325721000
5/9/2024,88.747,87.46,83.94,74.19,76,64.91,-0.018,378013000
5/10/2024,89.878,87.67,84.18,74.6,76.27,62.78,0.013,335325000
5/13/2024,90.399,87.84,84.42,75,76.55,69.9,0.006,289680000
5/14/2024,91.356,87.96,84.69,75.42,76.84,67.49,0.011,296507000
5/15/2024,94.63,88.13,85.08,75.88,77.2,64.92,0.036,417735000
5/16/2024,94.359,88.25,85.45,76.33,77.54,64.13,-0.003,323952000
5/17/2024,92.479,88.24,85.72,76.77,77.83,62.72,-0.02,359691000
5/20/2024,94.78,88.39,86.08,77.23,78.17,75.71,0.025,318764000
5/21/2024,95.386,88.58,86.44,77.69,78.51,73.16,0.006,328946000
5/22/2024,94.95,88.64,86.78,78.14,78.83,67,-0.005,548648000
5/23/2024,103.799,88.9,87.44,78.68,79.33,74.68,0.093,835065000
5/24/2024,106.469,89.27,88.19,79.27,79.87,82.21,0.026,429494000
5/28/2024,113.901,89.79,89.2,79.93,80.54,86.71,0.07,652728000
5/29/2024,114.825,90.32,90.2,80.6,81.22,91.72,0.008,557442000
5/30/2024,110.5,90.74,91,81.21,81.8,79.93,-0.038,487350000
5/31/2024,109.633,91.12,91.73,81.79,82.35,77.64,-0.008,613263000
6/3/2024,115,91.6,92.64,82.4,83,80.16,0.049,438392000
6/4/2024,116.437,92.04,93.58,83.02,83.66,79.18,0.012,403324000
6/5/2024,122.44,92.59,94.71,83.7,84.43,82.58,0.052,528402000
6/6/2024,120.998,93.16,95.74,84.36,85.15,83.43,-0.012,664696000
6/7/2024,120.888,93.77,96.72,85.01,85.86,82.26,-0.001,412386000
6/10/2024,121.79,94.4,97.71,85.67,86.57,82.39,0.007,314162700
6/11/2024,120.91,95.01,98.62,86.3,87.25,81.5,-0.007,222551200
6/12/2024,125.2,95.72,99.66,86.96,88,79.2,0.035,299595000
6/13/2024,129.61,96.54,100.83,87.66,88.83,80.14,0.035,260704500
6/14/2024,131.88,97.46,102.05,88.38,89.68,77.05,0.018,309320400
6/17/2024,130.98,98.32,103.19,89.08,90.5,74.33,-0.007,288504400
6/18/2024,135.58,99.28,104.46,89.82,91.39,87.46,0.035,294335100
6/20/2024,130.78,100.19,105.49,90.51,92.17,78.26,-0.035,517768400
6/21/2024,126.57,100.98,106.32,91.16,92.85,65.96,-0.032,655484700
6/24/2024,118.11,101.53,106.78,91.71,93.35,51.93,-0.067,476060900
6/25/2024,126.09,102.29,107.54,92.35,94,54.03,0.068,425787500
6/26/2024,126.4,103.1,108.28,92.99,94.64,56.12,0.002,362975900
6/27/2024,123.99,103.83,108.89,93.57,95.22,53.34,-0.019,252571700
6/28/2024,123.54,104.62,109.47,94.11,95.78,51.9,-0.004,315516700
7/1/2024,124.3,105.41,110.05,94.67,96.35,53.7,0.006,284885500
7/2/2024,122.67,106.34,110.54,95.2,96.87,47.07,-0.013,218374000
7/3/2024,128.28,107.32,111.24,95.78,97.49,48.5,0.046,215749000
7/5/2024,125.83,108.19,111.81,96.32,98.05,43.21,-0.019,214176700
7/8/2024,128.2,109.16,112.45,96.88,98.65,46.98,0.019,237677300
7/9/2024,131.38,110.13,113.2,97.47,99.3,45.29,0.025,279902659
