date,close,Simple Moving Average_50,Exponential Moving Average_50,Simple Moving Average_100,Exponential Moving Average_100,Relative Strength Index 14,Daily_Return,volume
1/3/2022,179.48,160.44,163.26,152.63,155.01,61.82,0.025,104487900
1/4/2022,177.2,161.06,163.81,152.96,155.45,50.67,-0.013,99310400
1/5/2022,172.49,161.58,164.15,153.22,155.79,54.83,-0.027,94537600
1/6/2022,169.61,162.03,164.36,153.44,156.07,51.46,-0.017,96904000
1/7/2022,169.78,162.5,164.57,153.65,156.34,54.3,0.001,86709100
1/10/2022,169.8,162.89,164.78,153.87,156.6,48.39,0,106765600
1/11/2022,172.65,163.39,165.09,154.15,156.92,48.89,0.017,76138300
1/12/2022,173.09,163.92,165.4,154.44,157.24,48.5,0.003,74805200
1/13/2022,169.8,164.36,165.57,154.67,157.49,33.22,-0.019,84505800
1/14/2022,170.67,164.79,165.77,154.9,157.75,37.1,0.005,80440800
1/18/2022,167.44,165.17,165.84,155.1,157.94,32.44,-0.019,90956700
1/19/2022,163.92,165.46,165.76,155.28,158.06,29.83,-0.021,94815000
1/20/2022,162.22,165.74,165.62,155.45,158.14,28.77,-0.01,91420500
1/21/2022,160.15,165.97,165.41,155.58,158.18,15.52,-0.013,122848900
1/24/2022,159.37,166.24,165.17,155.67,158.21,16.39,-0.005,162294600
1/25/2022,157.56,166.47,164.87,155.75,158.19,18.41,-0.011,115798400
1/26/2022,157.47,166.67,164.58,155.82,158.18,20.87,-0.001,108275300
1/27/2022,157.01,166.85,164.29,155.88,158.16,19.79,-0.003,121954600
1/28/2022,167.96,167.23,164.43,156.04,158.35,47.14,0.07,179935700
1/31/2022,172.35,167.65,164.74,156.21,158.63,49.56,0.026,115541600
2/1/2022,172.18,167.98,165.03,156.41,158.9,48.64,-0.001,86213900
2/2/2022,173.4,168.28,165.36,156.62,159.18,55.76,0.007,84914300
2/3/2022,170.5,168.51,165.56,156.86,159.41,49.75,-0.017,89418100
2/4/2022,170.21,168.74,165.75,157.08,159.62,54.57,-0.003,82465400
2/7/2022,169.49,168.93,165.89,157.32,159.82,60.11,-0.004,77251200
2/8/2022,172.62,169.29,166.16,157.57,160.07,67.94,0.018,74829200
2/9/2022,174.05,169.61,166.47,157.85,160.35,74.52,0.008,71285000
2/10/2022,169.94,169.75,166.6,158.11,160.54,66.69,-0.024,90865900
2/11/2022,166.51,169.83,166.6,158.36,160.66,63.44,-0.02,98670700
2/14/2022,166.75,169.94,166.6,158.61,160.78,63.87,0.001,86185500
2/15/2022,170.61,170.16,166.76,158.88,160.97,68.46,0.023,62527400
2/16/2022,170.37,170.3,166.9,159.14,161.16,54.61,-0.001,61177400
2/17/2022,166.75,170.26,166.9,159.35,161.27,38.94,-0.021,69589300
2/18/2022,165.19,170.11,166.83,159.57,161.35,36.92,-0.009,82772700
2/22/2022,162.24,169.92,166.65,159.8,161.36,30.41,-0.018,91162800
2/23/2022,158.05,169.54,166.31,159.97,161.3,29.09,-0.026,90009200
2/24/2022,160.68,169.29,166.09,160.18,161.29,35.17,0.017,141147500
2/25/2022,162.77,169.1,165.96,160.4,161.31,39.96,0.013,91974200
2/28/2022,163.03,168.83,165.85,160.66,161.35,34.34,0.002,95056600
3/1/2022,161.14,168.65,165.66,160.88,161.34,29.22,-0.012,83474400
3/2/2022,164.46,168.57,165.61,161.12,161.41,40.94,0.021,79724800
3/3/2022,164.13,168.5,165.56,161.35,161.46,45.62,-0.002,76678400
3/4/2022,161.11,168.31,165.38,161.55,161.45,40.59,-0.018,83737200
3/7/2022,157.29,167.99,165.06,161.72,161.37,27.75,-0.024,96418800
3/8/2022,155.45,167.63,164.69,161.88,161.25,26.34,-0.012,131148300
3/9/2022,160.89,167.29,164.54,162.1,161.25,41.22,0.035,91454900
3/10/2022,156.52,166.88,164.22,162.24,161.15,38.01,-0.027,105342000
3/11/2022,152.77,166.4,163.77,162.34,160.99,37.19,-0.024,96970100
3/14/2022,148.72,165.86,163.18,162.39,160.74,37.33,-0.027,108732100
3/15/2022,153.13,165.42,162.79,162.45,160.59,40.21,0.03,92964300
3/16/2022,157.57,164.98,162.59,162.56,160.53,43.66,0.029,102300200
3/17/2022,158.59,164.61,162.43,162.67,160.49,44.67,0.006,75615400
3/18/2022,161.91,164.4,162.41,162.83,160.52,50.89,0.021,123511700
3/21/2022,163.29,164.27,162.44,162.99,160.58,48.59,0.009,95811400
3/22/2022,166.69,164.21,162.61,163.19,160.7,52.89,0.021,81532000
3/23/2022,168.06,164.17,162.82,163.4,160.84,58.16,0.008,98062700
3/24/2022,171.87,164.16,163.18,163.61,161.06,67.11,0.023,90131400
3/25/2022,172.51,164.15,163.54,163.86,161.29,70.6,0.004,80546200
3/28/2022,173.38,164.22,163.93,164.13,161.53,66.95,0.005,90371900
3/29/2022,176.7,164.34,164.43,164.41,161.83,78.2,0.019,100589400
3/30/2022,175.52,164.5,164.87,164.67,162.1,84.24,-0.007,92633200
3/31/2022,172.4,164.67,165.16,164.91,162.3,86.69,-0.018,103049300
4/1/2022,172.11,164.87,165.43,165.14,162.5,83.7,-0.002,78751300
4/4/2022,176.18,165.19,165.85,165.41,162.77,83.48,0.024,76468400
4/5/2022,172.85,165.46,166.13,165.65,162.97,73.67,-0.019,73401800
4/6/2022,169.66,165.7,166.27,165.89,163.1,62.92,-0.018,89058800
4/7/2022,169.96,165.95,166.41,166.13,163.24,61.54,0.002,77594700
4/8/2022,167.94,166.17,166.47,166.32,163.33,52.28,-0.012,76575500
4/11/2022,163.66,166.08,166.36,166.48,163.34,42.77,-0.026,72246700
4/12/2022,165.54,165.95,166.33,166.64,163.38,38.91,0.012,79265200
4/13/2022,168.25,165.87,166.4,166.81,163.48,43.03,0.016,70618900
4/14/2022,163.2,165.66,166.28,166.89,163.47,35.36,-0.03,75329400
4/18/2022,162.98,165.51,166.15,166.93,163.46,28.34,-0.001,69023900
4/19/2022,165.28,165.41,166.12,167,163.5,34.39,0.014,67723800
4/20/2022,165.12,165.33,166.08,167.06,163.53,37.79,-0.001,67929800
4/21/2022,164.32,165.16,166.01,167.1,163.55,37.16,-0.005,87227800
4/22/2022,159.75,164.88,165.76,167.15,163.47,23.34,-0.028,84882400
4/25/2022,160.82,164.69,165.57,167.18,163.42,28.96,0.007,96046400
4/26/2022,154.82,164.46,165.15,167.1,163.25,26.36,-0.037,95623200
4/27/2022,154.59,164.22,164.73,167.02,163.08,25.45,-0.001,88063200
4/28/2022,161.57,164.04,164.61,167.02,163.05,41.22,0.045,130216800
4/29/2022,155.66,163.74,164.26,166.98,162.9,39.45,-0.037,131747600
5/2/2022,155.96,163.53,163.93,166.91,162.76,36.81,0.002,123055300
5/3/2022,157.46,163.37,163.68,166.8,162.66,34.65,0.01,88966500
5/4/2022,163.92,163.4,163.69,166.71,162.68,50.99,0.041,108256500
5/5/2022,154.79,163.34,163.34,166.54,162.53,40.98,-0.056,130525300
5/6/2022,155.52,163.24,163.03,166.33,162.39,38.87,0.003,116124600
5/9/2022,150.36,162.99,162.54,166.1,162.15,34.9,-0.033,131577900
5/10/2022,152.78,162.78,162.15,165.91,161.96,38.58,0.016,115366700
5/11/2022,144.86,162.46,161.48,165.6,161.63,36.18,-0.052,142689800
5/12/2022,140.97,161.99,160.67,165.31,161.22,32.48,-0.027,182602000
5/13/2022,145.46,161.61,160.07,165.08,160.9,41.52,0.032,113990900
5/16/2022,143.91,161.27,159.44,164.85,160.57,40.55,-0.011,86643800
5/17/2022,147.57,161.08,158.98,164.62,160.31,36.83,0.025,78336300
5/18/2022,139.24,160.75,158.2,164.28,159.89,35.23,-0.056,109742900
5/19/2022,135.81,160.25,157.32,163.91,159.42,32.83,-0.025,136095600
5/20/2022,136.05,159.84,156.49,163.49,158.95,31.36,0.002,137426100
5/23/2022,141.51,159.62,155.9,163.14,158.61,30.14,0.04,117726300
5/24/2022,138.79,159.42,155.23,162.77,158.22,34.01,-0.019,104132700
5/25/2022,138.95,159.13,154.59,162.4,157.83,33.24,0.001,92482700
5/26/2022,142.17,158.83,154.11,162.08,157.52,41.38,0.023,90601500
5/27/2022,147.97,158.61,153.86,161.77,157.33,45.27,0.041,90978500
5/31/2022,147.17,158.32,153.6,161.47,157.13,52.64,-0.005,103718400
6/1/2022,147.05,157.99,153.35,161.22,156.93,57.61,-0.001,74286600
6/2/2022,149.52,157.65,153.19,161.02,156.79,55.34,0.017,72348100
6/3/2022,143.75,157.16,152.82,160.76,156.53,49.81,-0.039,88570300
6/6/2022,144.51,156.62,152.5,160.51,156.29,46.1,0.005,71598400
6/7/2022,147.05,156.11,152.28,160.26,156.11,61.65,0.018,67808200
6/8/2022,146.3,155.57,152.05,159.99,155.91,67.04,-0.005,53950200
6/9/2022,141.04,154.85,151.62,159.71,155.62,56.97,-0.036,69473000
6/10/2022,135.6,154.05,150.99,159.36,155.22,41.74,-0.039,91437900
6/13/2022,130.4,153.21,150.18,158.99,154.73,39.04,-0.038,122207100
6/14/2022,131.27,152.4,149.44,158.67,154.27,40.16,0.007,84784300
6/15/2022,133.91,151.55,148.83,158.39,153.86,39.25,0.02,91533000
6/16/2022,128.6,150.67,148.04,158.08,153.36,24.47,-0.04,108123900
6/17/2022,130.09,149.88,147.34,157.79,152.9,27.87,0.012,134520300
6/21/2022,134.35,149.16,146.83,157.56,152.54,35.15,0.033,81000500
6/22/2022,133.84,148.48,146.32,157.32,152.17,30.77,-0.004,73409200
6/23/2022,136.72,147.94,145.94,157.12,151.86,40.73,0.022,72433800
6/24/2022,140.08,147.43,145.71,156.85,151.63,44.53,0.025,89116800
6/27/2022,140.08,146.87,145.49,156.53,151.4,40.82,0,70207900
6/28/2022,135.9,146.32,145.11,156.17,151.09,37.43,-0.03,67083400
6/29/2022,137.67,145.82,144.82,155.81,150.82,45.55,0.013,66242400
6/30/2022,135.19,145.22,144.44,155.46,150.52,49.42,-0.018,98964500
7/1/2022,137.38,144.66,144.17,155.14,150.25,60.92,0.016,71051600
7/5/2022,139.98,144.17,144,154.85,150.05,62.93,0.019,73353800
7/6/2022,141.32,143.81,143.9,154.54,149.88,61.44,0.01,74064300
7/7/2022,144.71,143.48,143.93,154.25,149.78,76.45,0.024,66253700
7/8/2022,145.4,143.3,143.99,154,149.69,75.82,0.005,64547800
7/11/2022,143.25,143.07,143.96,153.77,149.56,66.16,-0.015,63141600
7/12/2022,144.23,142.72,143.97,153.55,149.46,68.56,0.007,77588800
7/13/2022,143.86,142.49,143.96,153.28,149.35,64.01,-0.003,71185600
7/14/2022,146.81,142.3,144.08,153.05,149.3,63.43,0.02,78140700
7/15/2022,148.49,142.12,144.25,152.87,149.28,65.73,0.011,76259900
7/18/2022,145.42,141.75,144.3,152.67,149.2,68.57,-0.021,81420900
7/19/2022,149.31,141.64,144.49,152.55,149.21,70.97,0.027,82982400
7/20/2022,151.33,141.56,144.76,152.48,149.25,79.57,0.014,64823400
7/21/2022,153.61,141.62,145.11,152.41,149.33,79.64,0.015,65086600
7/22/2022,152.37,141.62,145.39,152.31,149.39,73.79,-0.008,66675400
7/25/2022,151.24,141.74,145.62,152.19,149.43,69.21,-0.007,53623900
7/26/2022,149.9,141.92,145.79,152.08,149.44,60.92,-0.009,55138700
7/27/2022,155.04,142.11,146.15,151.99,149.55,67.09,0.034,78620700
7/28/2022,155.59,142.35,146.52,151.9,149.67,73.18,0.004,81378700
7/29/2022,160.69,142.61,147.08,151.9,149.89,76.78,0.033,101786900
8/1/2022,159.7,143.02,147.57,151.92,150.08,75.25,-0.006,67829400
8/2/2022,158.22,143.47,147.99,151.95,150.24,69.08,-0.009,59907000
8/3/2022,164.27,144.03,148.63,151.98,150.52,73.02,0.038,82507500
8/4/2022,163.96,144.48,149.23,152.06,150.79,79.39,-0.002,55474100
8/5/2022,163.73,144.98,149.8,152.16,151.04,75.87,-0.003,56697000
8/8/2022,163.25,145.47,150.33,152.31,151.29,72.65,-0.003,60276900
8/9/2022,163.3,145.89,150.83,152.41,151.52,70.11,0,63135500
8/10/2022,167.58,146.28,151.49,152.51,151.84,78.05,0.026,70170500
8/11/2022,166.84,146.67,152.09,152.59,152.14,79.17,-0.004,57149200
8/12/2022,170.41,147.14,152.81,152.67,152.5,85.39,0.021,68039400
8/15/2022,171.49,147.58,153.54,152.75,152.88,83.01,0.006,54091700
8/16/2022,171.33,148.13,154.24,152.8,153.24,82.09,-0.001,56377100
8/17/2022,172.84,148.7,154.97,152.85,153.63,79.01,0.009,79542000
8/18/2022,172.44,149.21,155.66,152.85,154,81.32,-0.002,62290100
8/19/2022,169.84,149.68,156.21,152.83,154.32,77.07,-0.015,70346300
8/22/2022,165.93,150.18,156.59,152.75,154.55,54.28,-0.023,69026800
8/23/2022,165.59,150.77,156.95,152.64,154.76,54.22,-0.002,54147100
8/24/2022,165.89,151.48,157.3,152.55,154.98,55.56,0.002,53841500
8/25/2022,168.36,152.23,157.73,152.51,155.25,61.93,0.015,51218200
8/26/2022,162.01,152.79,157.9,152.41,155.38,47.68,-0.038,78961000
8/29/2022,159.8,153.41,157.97,152.25,155.47,34.83,-0.014,73314000
8/30/2022,157.35,153.96,157.95,152.09,155.51,32.66,-0.015,77906200
8/31/2022,155.68,154.38,157.86,151.95,155.51,21.05,-0.011,87991100
9/1/2022,156.41,154.84,157.8,151.82,155.53,19.96,0.005,74229900
9/2/2022,154.28,155.19,157.66,151.68,155.5,18.51,-0.014,76957800
9/6/2022,153.01,155.45,157.48,151.58,155.46,13.06,-0.008,73714800
9/7/2022,154.43,155.73,157.36,151.47,155.43,17.67,0.009,87449600
9/8/2022,152.94,156.07,157.19,151.32,155.39,18.41,-0.01,84923800
9/9/2022,155.83,156.44,157.14,151.24,155.39,30.35,0.019,68028800
9/12/2022,161.83,156.97,157.32,151.23,155.52,44,0.039,104956000
9/13/2022,152.33,157.27,157.12,151.1,155.46,33.29,-0.059,122656600
9/14/2022,153.79,157.54,156.99,150.99,155.43,31.57,0.01,87965400
9/15/2022,150.87,157.74,156.75,150.86,155.34,34.58,-0.019,90481100
9/16/2022,149.22,157.83,156.46,150.76,155.21,35.13,-0.011,162278800
9/19/2022,152.96,157.98,156.32,150.68,155.17,44.05,0.025,81474200
9/20/2022,155.36,158.22,156.28,150.68,155.17,49.58,0.016,107689800
9/21/2022,152.21,158.38,156.12,150.66,155.11,44.75,-0.02,101696800
9/22/2022,151.24,158.53,155.93,150.56,155.04,46.09,-0.006,86652500
9/23/2022,148.95,158.57,155.66,150.49,154.92,44.91,-0.015,96029900
9/26/2022,149.29,158.59,155.41,150.42,154.81,43.37,0.002,93339400
9/27/2022,150.27,158.68,155.21,150.35,154.72,46.51,0.007,84442700
9/28/2022,148.37,158.66,154.94,150.2,154.59,40,-0.013,146691400
9/29/2022,141.08,158.46,154.4,150.06,154.32,23.11,-0.049,128138200
9/30/2022,136.84,158.12,153.71,149.88,153.98,26.75,-0.03,124925300
10/3/2022,141.05,157.9,153.21,149.79,153.72,32.34,0.031,114311700
10/4/2022,144.67,157.77,152.88,149.71,153.54,41.56,0.026,87830100
10/5/2022,144.96,157.67,152.57,149.71,153.37,43.99,0.002,79471000
10/6/2022,144,157.45,152.23,149.74,153.19,36.27,-0.007,68402200
10/7/2022,138.72,157.11,151.7,149.67,152.9,26.57,-0.037,85925600
10/10/2022,139.04,156.68,151.2,149.62,152.63,29.86,0.002,74899000
10/11/2022,137.62,156.23,150.67,149.52,152.33,29.45,-0.01,77033700
10/12/2022,136.98,155.81,150.13,149.5,152.02,31,-0.005,70433700
10/13/2022,141.59,155.36,149.8,149.56,151.82,39.23,0.034,113224000
10/14/2022,137.02,154.82,149.3,149.57,151.52,33.17,-0.032,88598000
10/17/2022,141.01,154.36,148.97,149.56,151.32,41.12,0.029,85250900
10/18/2022,142.34,153.94,148.71,149.6,151.14,51.77,0.009,99136600
10/19/2022,142.45,153.53,148.47,149.63,150.97,58.94,0.001,61758300
10/20/2022,141.98,153.01,148.21,149.63,150.79,51.69,-0.003,64522000
10/21/2022,145.82,152.59,148.12,149.61,150.69,52.08,0.027,86548600
10/24/2022,147.98,152.15,148.11,149.62,150.64,55.09,0.015,75981900
10/25/2022,150.84,151.73,148.22,149.66,150.64,60.83,0.019,74732300
10/26/2022,147.88,151.26,148.21,149.64,150.59,65.66,-0.02,88194300
10/27/2022,143.38,150.68,148.02,149.64,150.44,56.48,-0.03,109180200
10/28/2022,154.21,150.31,148.26,149.73,150.52,69.36,0.076,164762400
10/31/2022,151.84,149.95,148.4,149.78,150.54,66.65,-0.015,97943200
11/1/2022,149.17,149.62,148.43,149.81,150.52,58.89,-0.018,80379300
11/2/2022,143.61,149.18,148.24,149.83,150.38,57.54,-0.037,93604600
11/3/2022,137.52,148.61,147.82,149.85,150.13,46.18,-0.042,97918500
11/4/2022,137.25,147.99,147.41,149.92,149.87,44.31,-0.004,140814800
11/7/2022,137.78,147.5,147.03,149.98,149.63,44.83,0.004,83374600
11/8/2022,138.36,147.07,146.69,150.03,149.41,46,0.004,89908500
11/9/2022,133.77,146.6,146.18,150.08,149.1,36.89,-0.033,74917800
11/10/2022,145.67,146.4,146.16,150.23,149.03,47.92,0.089,118854000
11/11/2022,148.48,146.24,146.25,150.37,149.02,47.87,0.019,93979700
11/14/2022,147.07,146.1,146.29,150.5,148.98,49.25,-0.009,73374100
11/15/2022,148.81,146.01,146.38,150.62,148.98,55.29,0.012,89868300
11/16/2022,147.57,145.88,146.43,150.7,148.95,42.05,-0.008,64218300
11/17/2022,149.49,145.81,146.55,150.79,148.96,47.16,0.013,80389400
11/18/2022,150.05,145.69,146.69,150.93,148.98,51.13,0.004,74829600
11/21/2022,146.8,145.39,146.69,151.02,148.94,54.33,-0.022,58724100
11/22/2022,148.95,145.32,146.78,151.16,148.94,67.35,0.015,51804100
11/23/2022,149.84,145.25,146.9,151.28,148.96,68.74,0.006,58301400
11/25/2022,146.9,145.17,146.9,151.35,148.92,62.67,-0.02,35195900
11/28/2022,143.04,145.04,146.75,151.37,148.8,55.96,-0.026,69246000
11/29/2022,140.02,144.78,146.49,151.32,148.63,58.29,-0.021,83763800
11/30/2022,146.82,144.61,146.5,151.33,148.59,51.77,0.049,111380900
12/1/2022,147.1,144.51,146.52,151.37,148.56,47.71,0.002,71250400
12/2/2022,146.6,144.42,146.53,151.4,148.52,49.2,-0.003,65447400
12/5/2022,145.43,144.35,146.48,151.41,148.46,44.08,-0.008,68826400
12/6/2022,141.74,144.2,146.3,151.36,148.33,40.6,-0.025,64727200
12/7/2022,139.79,143.99,146.04,151.28,148.16,34.39,-0.014,69721100
12/8/2022,141.48,143.85,145.86,151.24,148.03,36.69,0.012,62128300
12/9/2022,141,143.85,145.67,151.15,147.89,40.14,-0.003,76097000
12/12/2022,143.31,143.98,145.58,151.08,147.8,40.46,0.016,70462700
12/13/2022,144.28,144.04,145.53,150.98,147.73,40.64,0.007,93886200
12/14/2022,142.04,143.99,145.39,150.88,147.61,41.62,-0.016,82291200
12/15/2022,135.38,143.8,145,150.72,147.37,37.95,-0.047,98931900
12/16/2022,133.41,143.59,144.54,150.56,147.1,39.25,-0.015,160156900
12/19/2022,131.29,143.44,144.02,150.33,146.78,20.18,-0.016,79592600
12/20/2022,131.22,143.28,143.52,150.08,146.47,19.27,-0.001,77432800
12/21/2022,134.34,143.21,143.16,149.82,146.23,28.47,0.024,85928000
12/22/2022,131.15,143.1,142.69,149.54,145.94,26.58,-0.024,77852100
12/23/2022,130.78,142.88,142.22,149.27,145.64,29.83,-0.003,63814900
12/27/2022,128.97,142.72,141.7,148.92,145.31,29.98,-0.014,69007800
12/28/2022,125.01,142.4,141.05,148.53,144.9,21.88,-0.031,85438400
12/29/2022,128.55,142.12,140.56,148.19,144.58,30.76,0.028,75703700
12/30/2022,128.87,141.85,140.1,147.84,144.27,26.21,0.002,77034200
1/3/2023,124.05,141.49,139.47,147.46,143.87,20.42,-0.037,112117500
1/4/2023,125.33,141.08,138.92,147.04,143.5,24.86,0.01,89113600
1/5/2023,124,140.61,138.33,146.61,143.11,29.6,-0.011,80962700
1/6/2023,128.56,140.16,137.95,146.2,142.83,42.05,0.037,87754700
1/9/2023,129.09,139.78,137.6,145.78,142.55,46.19,0.004,70790800
1/10/2023,129.66,139.51,137.29,145.37,142.3,47.35,0.004,63896200
1/11/2023,132.4,139.07,137.1,144.97,142.1,46.65,0.021,69458900
1/12/2023,132.32,138.68,136.91,144.57,141.91,52.26,-0.001,71379600
1/13/2023,133.66,138.37,136.78,144.21,141.75,55.35,0.01,57809700
1/17/2023,134.83,138.2,136.71,143.9,141.61,61.17,0.009,63646600
1/18/2023,134.11,138.13,136.6,143.59,141.46,69.77,-0.005,69672800
1/19/2023,134.16,138.07,136.51,143.28,141.32,64.38,0,58280400
1/20/2023,136.74,138.05,136.52,142.96,141.23,68.08,0.019,80223600
1/23/2023,139.96,138.08,136.65,142.75,141.2,89.43,0.024,81760300
1/24/2023,141.37,138.23,136.84,142.56,141.2,89.5,0.01,66435100
1/25/2023,140.7,138.13,136.99,142.4,141.19,92.53,-0.005,65799300
1/26/2023,142.78,138.02,137.22,142.27,141.23,91.45,0.015,54105100
1/27/2023,144.74,137.97,137.51,142.16,141.29,92.1,0.014,70555800
1/30/2023,141.83,137.83,137.68,142.03,141.31,79.09,-0.02,64015300
1/31/2023,143.11,137.74,137.89,141.93,141.34,77.52,0.009,65874500
2/1/2023,144.24,137.64,138.14,141.83,141.4,79.06,0.008,77663600
2/2/2023,149.59,137.63,138.59,141.8,141.56,82.48,0.037,118339000
2/3/2023,153.24,137.76,139.17,141.77,141.79,84.09,0.024,154357300
2/6/2023,150.49,137.79,139.61,141.66,141.96,78.23,-0.018,69858300
2/7/2023,153.39,137.86,140.15,141.67,142.19,80.17,0.019,83322600
2/8/2023,150.68,137.93,140.56,141.64,142.36,71.78,-0.018,64120100
2/9/2023,149.64,138.06,140.92,141.63,142.5,66.23,-0.007,56007100
2/10/2023,150,138.26,141.28,141.64,142.65,65.01,0.001,57450700
2/13/2023,152.83,138.38,141.73,141.64,142.85,69.6,0.019,62199000
2/14/2023,152.18,138.49,142.14,141.6,143.04,65.93,-0.004,61707600
2/15/2023,154.3,138.64,142.61,141.62,143.26,66.12,0.014,65573800
2/16/2023,152.69,138.79,143.01,141.64,143.45,69.14,-0.01,68167900
2/17/2023,151.53,138.98,143.34,141.66,143.61,64.92,-0.008,59144100
2/21/2023,147.49,139.14,143.51,141.65,143.68,55.22,-0.027,58867200
2/22/2023,147.92,139.26,143.68,141.62,143.77,46.82,0.003,51011300
2/23/2023,148.41,139.41,143.87,141.62,143.86,39.52,0.003,48394200
2/24/2023,145.73,139.46,143.94,141.67,143.9,39.65,-0.018,55469600
2/27/2023,146.94,139.51,144.06,141.77,143.96,34.85,0.008,44998500
2/28/2023,146.43,139.6,144.15,141.82,144.01,38.87,-0.003,50547000
3/1/2023,144.34,139.78,144.16,141.82,144.01,36.85,-0.014,55479000
3/2/2023,144.94,140.01,144.19,141.82,144.03,37.56,0.004,52238100
3/3/2023,150.02,140.39,144.42,141.88,144.15,43.81,0.035,70732300
3/6/2023,152.81,140.82,144.75,142.02,144.32,51.26,0.019,87558000
3/7/2023,150.59,141.14,144.97,142.13,144.45,42.55,-0.014,56182000
3/8/2023,151.85,141.56,145.24,142.27,144.59,48.3,0.008,47204800
3/9/2023,149.59,141.93,145.41,142.4,144.69,46.2,-0.015,53833600
3/10/2023,147.51,142.3,145.5,142.46,144.75,50.04,-0.014,68572400
3/13/2023,149.47,142.79,145.65,142.58,144.84,53.08,0.013,84457100
3/14/2023,151.57,143.25,145.88,142.69,144.97,55.91,0.014,73695900
3/15/2023,151.97,143.72,146.12,142.78,145.11,62.71,0.003,77167900
3/16/2023,154.81,144.33,146.46,142.9,145.3,65.05,0.019,76161100
3/17/2023,153.97,144.9,146.76,143.02,145.48,64.22,-0.005,98944600
3/20/2023,156.35,145.55,147.13,143.13,145.69,72.4,0.015,73641400
3/21/2023,158.22,146.14,147.57,143.23,145.94,73.65,0.012,73938300
3/22/2023,156.78,146.7,147.93,143.29,146.15,63.82,-0.009,75701800
3/23/2023,157.87,147.26,148.32,143.39,146.39,61.14,0.007,67622100
3/24/2023,159.18,147.8,148.75,143.54,146.64,69.67,0.008,59196500
3/27/2023,157.23,148.3,149.08,143.57,146.85,61.92,-0.012,52390300
3/28/2023,156.6,148.75,149.37,143.62,147.04,66.78,-0.004,45992200
3/29/2023,159.7,149.25,149.78,143.72,147.29,77.8,0.02,51305700
3/30/2023,161.28,149.8,150.23,143.9,147.57,77.41,0.01,49501700
3/31/2023,163.8,150.39,150.76,144.16,147.89,77.84,0.016,68749800
4/3/2023,165.06,150.95,151.32,144.43,148.23,78.68,0.008,56976200
4/4/2023,164.53,151.45,151.84,144.7,148.55,73.67,-0.003,46278300
4/5/2023,162.67,151.87,152.27,144.94,148.83,70.2,-0.011,51511700
4/6/2023,163.56,152.33,152.71,145.23,149.13,67.99,0.005,45390100
4/10/2023,160.95,152.69,153.03,145.39,149.36,56.57,-0.016,47716900
4/11/2023,159.73,152.99,153.29,145.5,149.56,57.17,-0.008,47644200
4/12/2023,159.03,153.34,153.52,145.62,149.75,52.88,-0.004,50133100
4/13/2023,164.46,153.76,153.95,145.77,150.04,60.86,0.034,68445600
4/14/2023,164.11,154.16,154.35,145.93,150.32,65.18,-0.002,49386500
4/17/2023,164.13,154.45,154.73,146.08,150.6,67.06,0,41516200
4/18/2023,165.36,154.69,155.15,146.23,150.89,64.01,0.008,49923000
4/19/2023,166.51,155.01,155.59,146.43,151.2,63.23,0.007,47720200
4/20/2023,165.54,155.26,155.98,146.59,151.48,54.77,-0.006,52456400
4/21/2023,163.92,155.52,156.29,146.73,151.73,46.93,-0.01,58337300
4/24/2023,164.23,155.81,156.61,146.9,151.98,49.19,0.002,41949600
4/25/2023,162.68,156.07,156.84,147.1,152.19,50.03,-0.009,48714100
4/26/2023,162.67,156.26,157.07,147.32,152.39,47.4,0,45498800
4/27/2023,167.29,156.57,157.47,147.52,152.69,66.53,0.028,64902300
4/28/2023,168.55,156.85,157.91,147.73,153,72.96,0.008,55209200
5/1/2023,168.46,157.17,158.32,147.95,153.31,75.33,-0.001,52472900
5/2/2023,167.42,157.49,158.68,148.17,153.59,60.4,-0.006,48425700
5/3/2023,166.34,157.86,158.98,148.41,153.84,57.44,-0.006,65136000
5/4/2023,164.69,158.2,159.2,148.66,154.06,51.68,-0.01,81235400
5/5/2023,172.41,158.68,159.72,148.97,154.42,65.28,0.047,113316400
5/8/2023,172.35,159.21,160.22,149.28,154.77,63.25,0,55962800
5/9/2023,170.63,159.68,160.62,149.55,155.09,61.18,-0.01,45326900
5/10/2023,172.4,160.2,161.09,149.82,155.43,68.52,0.01,53724500
5/11/2023,172.59,160.77,161.54,150.13,155.77,68.35,0.001,49514700
5/12/2023,171.66,161.3,161.93,150.49,156.09,70.25,-0.007,45497800
5/15/2023,171.16,161.73,162.3,150.86,156.38,68.74,-0.003,37266700
5/16/2023,171.16,162.09,162.64,151.25,156.68,60.73,0,42110300
5/17/2023,171.78,162.52,163,151.66,156.98,59.28,0.004,57951600
5/18/2023,174.13,162.96,163.44,152.05,157.32,64.41,0.014,65496700
5/19/2023,174.23,163.45,163.86,152.48,157.65,68.21,0.001,55772400
5/22/2023,173.28,163.97,164.23,152.9,157.96,68.67,-0.005,43570900
5/23/2023,170.65,164.39,164.48,153.31,158.21,65.25,-0.015,50747300
5/24/2023,170.93,164.78,164.74,153.76,158.46,43.88,0.002,45143500
5/25/2023,172.08,165.18,165.02,154.2,158.73,48.98,0.007,56058300
5/26/2023,174.5,165.58,165.4,154.65,159.05,63.94,0.014,54835000
5/30/2023,176.36,166.02,165.83,155.17,159.39,64.15,0.011,55964400
5/31/2023,176.31,166.42,166.24,155.67,159.72,63.43,0,99625300
6/1/2023,179.14,166.84,166.74,156.22,160.11,73.77,0.016,68901800
6/2/2023,179.99,167.31,167.26,156.73,160.5,77.44,0.005,61945900
6/5/2023,178.63,167.72,167.71,157.22,160.86,71.4,-0.008,121946500
6/6/2023,178.26,168.1,168.12,157.7,161.21,68.84,-0.002,64848400
6/7/2023,176.88,168.5,168.47,158.14,161.52,58.48,-0.008,61944600
6/8/2023,179.62,168.96,168.9,158.61,161.87,64.26,0.015,50214900
6/9/2023,180,169.36,169.34,159.06,162.23,68.37,0.002,48870700
6/12/2023,182.82,169.79,169.87,159.54,162.64,82.89,0.016,54274900
6/13/2023,182.34,170.16,170.36,160.02,163.03,80.52,-0.003,54929100
6/14/2023,182.98,170.52,170.85,160.5,163.43,79.98,0.003,57462900
6/15/2023,185.03,170.93,171.41,160.98,163.85,79.55,0.011,65433200
6/16/2023,183.94,171.36,171.9,161.41,164.25,72.25,-0.006,101235600
6/20/2023,184.03,171.77,172.37,161.84,164.64,72.61,0,49799100
6/21/2023,182.99,172.21,172.79,162.26,165.01,62.59,-0.006,49515700
6/22/2023,186.01,172.73,173.31,162.68,165.42,67.24,0.017,51245300
6/23/2023,185.69,173.27,173.79,163.09,165.82,71.52,-0.002,53079300
6/26/2023,184.29,173.66,174.21,163.51,166.19,67.27,-0.008,48088700
6/27/2023,187.07,174.12,174.71,163.94,166.6,77.03,0.015,50730800
6/28/2023,188.25,174.61,175.24,164.38,167.03,74.97,0.006,51216800
6/29/2023,188.59,175.07,175.77,164.77,167.46,74.9,0.002,46347300
6/30/2023,192.95,175.6,176.44,165.16,167.96,76.96,0.023,85069600
7/3/2023,191.44,176.12,177.03,165.57,168.43,72.98,-0.008,31458200
7/5/2023,190.32,176.64,177.55,165.93,168.86,68.09,-0.006,46920300
7/6/2023,190.8,177.18,178.07,166.33,169.3,65.41,0.003,45094300
7/7/2023,189.67,177.72,178.52,166.72,169.7,65.27,-0.006,46778000
7/10/2023,187.61,178.21,178.88,167.1,170.05,58.64,-0.011,59922200
7/11/2023,187.09,178.61,179.2,167.44,170.39,60.14,-0.003,46638100
7/12/2023,188.77,179.01,179.58,167.8,170.76,57.3,0.009,60750200
7/13/2023,189.53,179.44,179.97,168.15,171.13,59.94,0.004,41342300
7/14/2023,189.68,179.88,180.35,168.51,171.49,64.92,0.001,41573900
7/17/2023,192.97,180.41,180.84,168.92,171.92,65.88,0.017,50520200
7/18/2023,192.71,180.97,181.31,169.37,172.33,62.63,-0.001,48353800
7/19/2023,194.07,181.41,181.81,169.83,172.76,64.68,0.007,80507300
7/20/2023,192.11,181.8,182.21,170.26,173.14,47.43,-0.01,59581200
7/21/2023,190.93,182.21,182.55,170.71,173.5,48.38,-0.006,71917800
7/24/2023,191.73,182.6,182.91,171.15,173.86,54.52,0.004,45377800
7/25/2023,192.6,183,183.29,171.61,174.23,55.62,0.005,37283200
7/26/2023,193.47,183.43,183.69,172.1,174.61,62.04,0.005,47471900
7/27/2023,192.2,183.85,184.03,172.56,174.96,65.3,-0.007,47460200
7/28/2023,194.8,184.33,184.45,173.01,175.35,72.59,0.014,48291400
7/31/2023,195.41,184.8,184.88,173.43,175.75,70.77,0.003,38824100
8/1/2023,194.58,185.21,185.26,173.86,176.12,65.7,-0.004,35175100
8/2/2023,191.56,185.55,185.51,174.26,176.43,54.97,-0.015,50389300
8/3/2023,190.16,185.89,185.69,174.66,176.7,41.77,-0.007,61235200
8/4/2023,181.03,186.1,185.51,174.99,176.78,27.48,-0.048,115799700
8/7/2023,177.91,186.24,185.21,175.27,176.81,20.8,-0.017,97576100
8/8/2023,178.85,186.37,184.96,175.54,176.85,25.14,0.005,67823000
8/9/2023,177.25,186.43,184.66,175.79,176.86,24.75,-0.009,60378500
8/10/2023,177.03,186.44,184.36,176.01,176.86,22.26,-0.001,54686900
8/11/2023,177.09,186.46,184.07,176.24,176.86,19.82,-0.001,51988100
8/14/2023,178.75,186.45,183.86,176.46,176.9,22.21,0.009,43675600
8/15/2023,176.75,186.38,183.58,176.65,176.9,21.61,-0.011,43622600
8/16/2023,175.87,186.33,183.28,176.84,176.88,12.89,-0.005,46964900
8/17/2023,173.31,186.23,182.89,176.99,176.81,9.73,-0.015,66062900
8/18/2023,173.8,186.17,182.54,177.13,176.75,11.65,0.003,61114200
8/21/2023,175.15,186.08,182.25,177.31,176.72,17.71,0.008,46311900
8/22/2023,176.53,186.01,182.02,177.51,176.71,23.17,0.008,42084200
8/23/2023,180.41,185.96,181.96,177.71,176.79,48.46,0.022,52722800
8/24/2023,175.69,185.83,181.71,177.86,176.76,44.89,-0.026,54945800
8/25/2023,177.91,185.73,181.56,178,176.79,47.95,0.013,51449600
8/28/2023,179.48,185.62,181.48,178.14,176.84,54.85,0.009,43820700
8/29/2023,183.39,185.61,181.56,178.33,176.97,61.93,0.022,53003900
8/30/2023,186.91,185.66,181.77,178.57,177.17,66.29,0.019,60813900
8/31/2023,187.13,185.75,181.98,178.8,177.36,64.6,0.001,60794500
9/1/2023,188.71,185.8,182.24,179.07,177.59,71.15,0.008,45732600
9/5/2023,188.95,185.86,182.5,179.36,177.81,73.66,0.001,45280000
9/6/2023,182.19,185.82,182.49,179.59,177.9,63.93,-0.036,81755800
9/7/2023,176.86,185.62,182.27,179.71,177.88,54.17,-0.029,112488800
9/8/2023,177.48,185.4,182.08,179.85,177.87,53.24,0.003,65551300
9/11/2023,178.65,185.2,181.95,179.99,177.89,52.97,0.007,58953100
9/12/2023,175.61,184.86,181.7,180.09,177.84,43.13,-0.017,90370200
9/13/2023,173.52,184.5,181.38,180.16,177.76,46.65,-0.012,84267900
9/14/2023,175.05,184.19,181.13,180.26,177.7,45.47,0.009,60895800
9/15/2023,174.32,183.86,180.86,180.36,177.64,41.61,-0.004,109205100
9/18/2023,177.27,183.62,180.72,180.49,177.63,39.71,0.017,67257600
9/19/2023,178.36,183.43,180.63,180.64,177.64,34.38,0.006,51826900
9/20/2023,174.8,183.19,180.4,180.76,177.59,29.92,-0.02,58436200
9/21/2023,173.24,182.88,180.12,180.82,177.5,24.78,-0.009,63047900
9/22/2023,174.1,182.57,179.88,180.88,177.43,26.27,0.005,56725400
9/25/2023,175.39,182.28,179.71,180.95,177.39,36.82,0.007,46172700
9/26/2023,171.28,181.85,179.38,180.98,177.27,38.65,-0.023,64588900
9/27/2023,169.76,181.39,179,181.02,177.12,34.86,-0.009,66921800
9/28/2023,170.02,180.91,178.65,181.07,176.98,32.43,0.002,56294400
9/29/2023,170.54,180.48,178.33,181.05,176.85,38.5,0.003,51814200
10/2/2023,173.07,180.12,178.12,181.06,176.78,48.98,0.015,52164500
10/3/2023,171.72,179.72,177.87,181.07,176.68,42.54,-0.008,49594600
10/4/2023,172.98,179.33,177.68,181.08,176.61,47.06,0.007,53020300
10/5/2023,174.22,178.94,177.54,181.09,176.56,42.79,0.007,48527900
10/6/2023,176.79,178.63,177.52,181.14,176.56,46.52,0.015,57224100
10/9/2023,178.28,178.3,177.55,181.21,176.6,58.49,0.008,42390800
10/10/2023,177.69,177.95,177.55,181.28,176.62,61.34,-0.003,43698000
10/11/2023,179.09,177.64,177.61,181.35,176.67,62.39,0.008,47551100
10/12/2023,180,177.41,177.71,181.41,176.73,61.67,0.005,56743100
10/13/2023,178.15,177.17,177.72,181.45,176.76,69.61,-0.01,51427100
10/16/2023,178.02,177.11,177.73,181.49,176.79,75.63,-0.001,52517000
10/17/2023,176.45,177.08,177.68,181.55,176.78,68.48,-0.009,57549400
10/18/2023,175.15,177,177.58,181.59,176.75,62.67,-0.007,54764400
10/19/2023,174.77,176.95,177.47,181.62,176.71,55.31,-0.002,59302900
10/20/2023,172.2,176.86,177.27,181.6,176.62,51.38,-0.015,64189300
10/23/2023,172.32,176.76,177.07,181.56,176.53,47.96,0.001,55980100
10/24/2023,172.76,176.64,176.9,181.52,176.46,45.22,0.003,43816600
10/25/2023,170.43,176.52,176.65,181.44,176.34,28.91,-0.013,57157000
10/26/2023,166.23,176.32,176.24,181.3,176.14,16.13,-0.025,70625300
10/27/2023,167.56,176.21,175.9,181.19,175.97,22.65,0.008,58499100
10/30/2023,169.62,176.12,175.65,181.1,175.84,25.3,0.012,51131000
10/31/2023,170.1,176.02,175.44,181.04,175.73,23.59,0.003,44846000
11/1/2023,173.28,175.96,175.35,180.97,175.68,37.9,0.019,56934900
11/2/2023,176.87,175.89,175.41,180.94,175.71,47.57,0.021,77334800
11/3/2023,175.95,175.89,175.43,180.88,175.71,48.91,-0.005,79763700
11/6/2023,178.52,175.9,175.55,180.84,175.77,56.99,0.015,63841300
11/7/2023,181.1,175.94,175.77,180.82,175.87,62.02,0.014,70530000
11/8/2023,182.17,175.91,176.02,180.79,176,70.06,0.006,49340300
11/9/2023,181.69,175.81,176.24,180.77,176.11,68.59,-0.003,53763500
11/10/2023,185.91,175.78,176.62,180.79,176.3,72.69,0.022,66133400
11/13/2023,184.31,175.7,176.93,180.8,176.46,74.58,-0.009,43627500
11/14/2023,186.95,175.66,177.32,180.81,176.67,88.8,0.014,60108400
11/15/2023,187.52,175.76,177.72,180.83,176.88,88.47,0.003,53790500
11/16/2023,189.21,176.01,178.17,180.88,177.13,88.31,0.009,54412900
11/17/2023,189.19,176.24,178.6,180.9,177.37,88.01,0,50922700
11/20/2023,190.95,176.49,179.09,180.92,177.64,87.29,0.009,46505100
11/21/2023,190.14,176.78,179.52,180.94,177.88,81.74,-0.004,38134500
11/22/2023,190.81,177.13,179.96,180.92,178.14,85.95,0.004,39617700
11/24/2023,189.47,177.41,180.33,180.9,178.36,78.18,-0.007,24048300
11/27/2023,189.29,177.71,180.69,180.89,178.58,74.05,-0.001,40552600
11/28/2023,189.9,177.97,181.05,180.88,178.8,73.33,0.003,38415400
11/29/2023,188.87,178.18,181.35,180.87,179,70.98,-0.005,43014200
11/30/2023,189.45,178.47,181.67,180.89,179.21,63.14,0.003,48794400
12/1/2023,190.74,178.82,182.03,180.93,179.44,74.39,0.007,45679300
12/4/2023,188.93,179.12,182.3,180.93,179.63,58.04,-0.009,43389500
12/5/2023,192.91,179.47,182.71,180.96,179.89,67.13,0.021,66628400
12/6/2023,191.81,179.88,183.07,180.98,180.13,58.59,-0.006,41089700
12/7/2023,193.76,180.36,183.49,180.99,180.4,63.38,0.01,47477700
12/8/2023,195.2,180.86,183.95,181.01,180.69,62.68,0.007,53377300
12/11/2023,192.67,181.3,184.29,181,180.93,56.86,-0.013,60943700
12/12/2023,194.2,181.73,184.68,181.02,181.19,58.77,0.008,52696900
12/13/2023,197.44,182.24,185.18,181.09,181.51,68.76,0.017,70404200
12/14/2023,197.59,182.73,185.67,181.14,181.83,69.57,0.001,66831600
12/15/2023,197.05,183.19,186.11,181.19,182.13,66.92,-0.003,128256700
12/18/2023,195.38,183.56,186.48,181.21,182.39,64.93,-0.009,55751900
12/19/2023,196.42,183.92,186.87,181.25,182.67,65.67,0.005,40714100
12/20/2023,194.32,184.26,187.16,181.24,182.9,57.76,-0.011,52242800
12/21/2023,194.17,184.56,187.43,181.23,183.12,62.23,-0.001,46482500
12/22/2023,193.09,184.82,187.66,181.22,183.32,50.48,-0.006,37122800
12/26/2023,192.54,185.11,187.85,181.23,183.5,52.03,-0.003,28919300
12/27/2023,192.64,185.4,188.04,181.25,183.69,46.53,0.001,48087700
12/28/2023,193.07,185.73,188.23,181.37,183.87,42.97,0.002,34049900
12/29/2023,192.02,186.07,188.38,181.51,184.03,47.62,-0.005,42628800
1/2/2024,185.15,186.28,188.25,181.57,184.06,26.17,-0.036,82488700
1/3/2024,183.77,186.51,188.08,181.64,184.05,10.08,-0.007,58414500
1/4/2024,181.43,186.69,187.82,181.68,184,8.16,-0.013,71983600
1/5/2024,180.7,186.85,187.54,181.72,183.93,8.08,-0.004,62303300
1/8/2024,185.07,187.14,187.44,181.78,183.95,26.79,0.024,59144500
1/9/2024,184.65,187.51,187.33,181.86,183.97,22.71,-0.002,42841800
1/10/2024,185.7,187.87,187.27,181.95,184,28.99,0.006,46792900
1/11/2024,185.1,188.18,187.18,182.07,184.02,28.37,-0.003,49128400
1/12/2024,185.43,188.49,187.12,182.19,184.05,31.05,0.002,40444700
1/16/2024,183.15,188.69,186.96,182.27,184.03,28.59,-0.012,65603000
1/17/2024,182.2,188.79,186.77,182.32,184,27.09,-0.005,47317400
1/18/2024,188.13,189.04,186.83,182.4,184.08,41.28,0.033,78005800
1/19/2024,191.06,189.29,186.99,182.55,184.22,48.4,0.016,68741000
1/22/2024,193.38,189.53,187.24,182.7,184.4,66.06,0.012,60133900
1/23/2024,194.67,189.78,187.53,182.85,184.6,71.36,0.007,42355600
1/24/2024,193.99,190.03,187.79,182.96,184.79,76.31,-0.003,53631300
1/25/2024,193.66,190.19,188.02,183.03,184.96,77.6,-0.002,54822100
1/26/2024,191.91,190.34,188.17,183.07,185.1,66.41,-0.009,44594000
1/29/2024,191.23,190.42,188.29,183.1,185.22,65.56,-0.004,47145600
1/30/2024,187.55,190.42,188.26,183.08,185.27,53.88,-0.019,55859400
1/31/2024,183.92,190.32,188.09,183.1,185.24,47.78,-0.019,55467800
2/1/2024,186.37,190.26,188.02,183.2,185.27,51.62,0.013,64885400
2/2/2024,185.36,190.15,187.92,183.27,185.27,54.01,-0.005,102518000
2/5/2024,187.19,190.09,187.89,183.36,185.31,58.75,0.01,69668800
2/6/2024,188.8,190.05,187.93,183.49,185.37,51.38,0.009,43490800
2/7/2024,188.91,190.04,187.96,183.64,185.44,44.98,0.001,53439000
2/8/2024,187.83,190.01,187.96,183.77,185.49,36.21,-0.006,40962000
2/9/2024,188.59,189.98,187.98,183.91,185.55,34.52,0.003,45155200
2/12/2024,186.9,189.94,187.94,184,185.58,32.82,-0.009,41781900
2/13/2024,184.79,189.85,187.82,184.07,185.56,30.21,-0.011,56529500
2/14/2024,183.9,189.71,187.66,184.16,185.53,31.42,-0.005,54630500
2/15/2024,183.61,189.61,187.51,184.26,185.49,32.01,-0.002,65434500
2/16/2024,182.06,189.39,187.29,184.34,185.43,35.59,-0.008,49701400
2/20/2024,181.31,189.18,187.06,184.4,185.34,41.94,-0.004,53665600
2/21/2024,182.07,188.95,186.86,184.5,185.28,35.14,0.004,41529700
2/22/2024,184.12,188.73,186.75,184.65,185.26,45.99,0.011,52292200
2/23/2024,182.27,188.52,186.58,184.77,185.2,34.16,-0.01,45119700
2/26/2024,180.91,188.25,186.36,184.87,185.11,24.15,-0.007,40867400
2/27/2024,182.38,187.95,186.2,184.96,185.06,30.35,0.008,54318900
2/28/2024,181.17,187.62,186,185.06,184.98,30.13,-0.007,48953900
2/29/2024,180.51,187.29,185.79,185.13,184.89,25.69,-0.004,136682600
3/1/2024,179.42,186.97,185.54,185.18,184.78,26.67,-0.006,73488000
3/4/2024,174.86,186.54,185.12,185.16,184.59,23.14,-0.025,81510100
3/5/2024,169.89,186.05,184.52,185.08,184.3,18.95,-0.028,95132400
3/6/2024,168.89,185.55,183.91,184.99,183.99,18.37,-0.006,68587700
3/7/2024,168.77,185.06,183.32,184.89,183.69,19.57,-0.001,71765100
3/8/2024,170.5,184.62,182.81,184.8,183.43,26.3,0.01,76114600
3/11/2024,172.52,184.22,182.41,184.74,183.21,30.15,0.012,60139500
3/12/2024,173,183.82,182.04,184.69,183.01,25.29,0.003,59825400
3/13/2024,170.9,183.39,181.6,184.64,182.77,25.01,-0.012,52488700
3/14/2024,172.77,183.15,181.26,184.61,182.57,32.49,0.011,72913500
3/15/2024,172.39,182.92,180.91,184.59,182.37,27.47,-0.002,121664700
3/18/2024,173.48,182.76,180.62,184.6,182.19,32.58,0.006,75604200
3/19/2024,175.84,182.66,180.43,184.64,182.07,40.18,0.014,55215200
3/20/2024,178.43,182.53,180.35,184.69,182,48.04,0.015,53423100
3/21/2024,171.14,182.26,179.99,184.7,181.78,43.35,-0.041,106181300
3/22/2024,172.05,181.99,179.68,184.76,181.59,54.51,0.005,71106600
3/25/2024,170.62,181.7,179.32,184.79,181.37,53.55,-0.008,54288300
3/26/2024,169.48,181.38,178.94,184.79,181.14,51.4,-0.007,57388400
3/27/2024,173.08,181.18,178.71,184.82,180.98,54.73,0.021,60273300
3/28/2024,171.25,180.96,178.42,184.8,180.78,47.66,-0.011,65672700
4/1/2024,169.8,180.59,178.08,184.73,180.57,44.3,-0.008,46240500
4/2/2024,168.61,180.14,177.71,184.65,180.33,45.78,-0.007,49329500
4/3/2024,169.42,179.66,177.38,184.56,180.11,43.58,0.005,47691700
4/4/2024,168.59,179.14,177.04,184.44,179.89,42.84,-0.005,53704400
4/5/2024,169.35,178.65,176.73,184.31,179.68,42.1,0.005,42055200
4/8/2024,168.22,178.14,176.4,184.18,179.45,34.72,-0.007,37425500
4/9/2024,169.44,177.69,176.13,184.02,179.25,30.93,0.007,42451200
4/10/2024,167.55,177.22,175.79,183.85,179.02,40.13,-0.011,49709300
4/11/2024,174.8,176.96,175.75,183.73,178.94,55.62,0.043,91070300
4/12/2024,176.31,176.81,175.77,183.62,178.88,61.58,0.009,101593300
4/15/2024,172.46,176.53,175.64,183.45,178.76,55.45,-0.022,73531800
4/16/2024,169.15,176.21,175.39,183.25,178.57,42.74,-0.019,73711200
4/17/2024,167.77,175.82,175.09,183.03,178.35,43.46,-0.008,50901200
4/18/2024,166.81,175.38,174.77,182.79,178.12,44.27,-0.006,43122900
4/19/2024,164.78,174.9,174.37,182.54,177.86,42.88,-0.012,67772100
4/22/2024,165.62,174.45,174.03,182.3,177.62,42.94,0.005,48116400
4/23/2024,166.67,174.01,173.74,182.08,177.4,46.47,0.006,49537800
4/24/2024,168.79,173.65,173.55,181.87,177.23,49.02,0.013,48251800
4/25/2024,169.66,173.35,173.4,181.68,177.08,52.54,0.005,50558300
4/26/2024,169.07,173.05,173.23,181.48,176.92,49.33,-0.003,44838400
4/29/2024,173.26,172.84,173.23,181.3,176.85,59.53,0.025,68169400
4/30/2024,170.1,172.61,173.11,181.12,176.72,40.91,-0.018,65934800
5/1/2024,169.07,172.36,172.95,180.88,176.56,35.75,-0.006,50383100
5/2/2024,172.8,172.17,172.94,180.69,176.49,50.67,0.022,94214900
5/3/2024,183.13,172.15,173.34,180.59,176.62,71.65,0.06,163224100
5/6/2024,181.46,172.14,173.66,180.45,176.72,71.01,-0.009,78569700
5/7/2024,182.15,172.16,173.99,180.35,176.83,73.73,0.004,77305800
5/8/2024,182.49,172.17,174.33,180.23,176.94,78.93,0.002,45057100
5/9/2024,184.32,172.23,174.72,180.1,177.08,79.59,0.01,48983000
5/10/2024,183.05,172.28,175.04,179.96,177.2,75.73,-0.008,50759500
5/13/2024,186.28,172.42,175.49,179.85,177.38,76.55,0.018,72044800
5/14/2024,187.43,172.67,175.95,179.77,177.58,76.75,0.006,52393600
5/15/2024,189.72,173.06,176.49,179.7,177.82,79.57,0.012,70400000
5/16/2024,189.84,173.48,177.02,179.66,178.06,76.87,0.001,52845200
5/17/2024,189.87,173.91,177.52,179.62,178.29,85.68,0,41282900
5/20/2024,191.04,174.32,178.05,179.6,178.55,89.45,0.006,44361300
5/21/2024,192.35,174.71,178.61,179.6,178.82,88.45,0.007,42309400
5/22/2024,190.9,175.07,179.09,179.58,179.06,73.48,-0.008,34648500
5/23/2024,186.88,175.39,179.4,179.52,179.21,64.33,-0.021,51005900
5/24/2024,189.98,175.74,179.81,179.5,179.43,68.37,0.017,36294600
5/28/2024,189.99,176.09,180.21,179.54,179.64,67.87,0,52280100
5/29/2024,190.29,176.42,180.61,179.61,179.85,65.35,0.002,53068000
5/30/2024,191.29,176.73,181.03,179.71,180.07,71.48,0.005,49947900
5/31/2024,192.25,177.01,181.47,179.82,180.31,67.65,0.005,75158300
6/3/2024,194.03,177.47,181.96,179.91,180.59,68.81,0.009,50080500
6/4/2024,194.35,177.91,182.45,180.01,180.86,64.87,0.002,47471400
6/5/2024,195.87,178.42,182.97,180.11,181.16,67.77,0.008,54156800
6/6/2024,194.48,178.92,183.42,180.2,181.42,62.58,-0.007,41181800
6/7/2024,196.89,179.39,183.95,180.31,181.73,64.95,0.012,53103900
6/10/2024,193.12,179.83,184.31,180.41,181.95,51.75,-0.019,97262100
6/11/2024,207.15,180.58,185.21,180.66,182.45,73.48,0.073,172373300
6/12/2024,213.07,181.47,186.3,180.91,183.06,85.87,0.029,198134300
6/13/2024,214.24,182.36,187.4,181.14,183.67,85.08,0.005,97862700
6/14/2024,212.49,183.24,188.38,181.32,184.24,80.97,-0.008,70122700
6/17/2024,216.67,184.19,189.49,181.54,184.89,82.81,0.02,93728300
6/18/2024,214.29,185.11,190.46,181.74,185.47,77.66,-0.011,79943300
6/20/2024,209.68,185.91,191.21,181.9,185.95,69.27,-0.022,86172500
6/21/2024,207.49,186.71,191.85,182.06,186.37,64.75,-0.01,246421400
6/24/2024,208.14,187.38,192.49,182.22,186.81,65,0.003,80727000
6/25/2024,209.07,188.04,193.14,182.44,187.25,64.54,0.004,56713900
6/26/2024,213.25,188.85,193.93,182.73,187.76,69.48,0.02,66213200
6/27/2024,214.1,189.75,194.72,183,188.28,68.46,0.004,49772700
6/28/2024,210.62,190.61,195.34,183.25,188.73,68.89,-0.016,82542700
7/1/2024,216.75,191.61,196.18,183.54,189.28,62.49,0.029,60402900
7/2/2024,220.27,192.72,197.13,183.86,189.89,59.99,0.016,58046200
7/3/2024,221.55,193.83,198.09,184.18,190.52,60.12,0.006,37369800
7/5/2024,226.34,195.03,199.19,184.56,191.23,67.68,0.022,60412400
7/8/2024,227.82,196.21,200.32,184.95,191.95,65.29,0.007,59085900
7/9/2024,228.68,197.39,201.43,185.36,192.68,70.59,0.004,48076100
